0,0
0.001,-0.26
0.002,-0.15
0.003,-0.07
0.004,-0.17
0.005,-0.16
0.006,-0.22
0.007,-0.11
0.008,-0.19
0.009,-0.31
0.01,-0.66
0.011,-0.89
0.012,-1.37
0.013,-1.81
0.014,-2.08
0.015,-2.48
0.016,-2.79
0.017,-2.96
0.018,-3.06
0.019,-3.28
0.02,-3.26
0.021,-3.18
0.022,-3.22
0.023,-3.33
0.024,-3.3
0.025,-3.31
0.026,-3.4
0.027,-3.43
0.028,-3.25
0.029,-3.13
0.03,-3.27
0.031,-3.26
0.032,-3.05
0.033,-3.11
0.034,-3.13
0.035,-3.05
0.036,-3.19
0.037,-3.29
0.038,-3.23
0.039,-3.33
0.04,-3.21
0.041,-3.2
0.042,-3.15
0.043,-2.99
0.044,-3.03
0.045,-2.98
0.046,-3.14
0.047,-3.16
0.048,-3.07
0.049,-2.88
0.05,-2.84
0.051,-2.72
0.052,-2.77
0.053,-2.85
0.054,-2.76
0.055,-2.74
0.056,-2.73
0.057,-2.78
0.058,-2.94
0.059,-2.99
0.06,-3.11
0.061,-3.07
0.062,-3.15
0.063,-3.28
0.064,-3.14
0.065,-3.11
0.066,-3.15
0.067,-3.01
0.068,-2.89
0.069,-2.8
0.07,-2.66
0.071,-2.51
0.072,-2.42
0.073,-2.14
0.074,-2.01
0.075,-1.81
0.076,-1.75
0.077,-1.78
0.078,-1.75
0.079,-1.54
0.08,-1.29
0.081,-1.22
0.082,-1.2
0.083,-1.2
0.084,-1.29
0.085,-1.41
0.086,-1.42
0.087,-1.55
0.088,-1.52
0.089,-1.46
0.09,-1.34
0.091,-1.3
0.092,-1.2
0.093,-1.14
0.094,-1.09
0.095,-1.02
0.096,-0.86
0.097,-0.78
0.098,-0.73
0.099,-0.75
0.1,-0.59
0.101,-0.66
0.102,-0.64
0.103,-0.6
0.104,-0.53
0.105,-0.66
0.106,-0.82
0.107,-1.04
0.108,-1.12
0.109,-1.03
0.11,-1.12
0.111,-1.08
0.112,-0.86
0.113,-0.85
0.114,-0.8
0.115,-0.8
0.116,-0.7
0.117,-0.5
0.118,-0.3
0.119,-0.2
0.12,0
0.121,0.2
0.122,0.3
0.123,0.4
0.124,0.5
0.125,0.5
0.126,0.5
0.127,0.5
0.128,0.3
0.129,0.1
0.13,-0.4
0.131,-1.15
0.132,-1.37
0.133,-1.66
0.134,-1.87
0.135,-2.07
0.136,-2.12
0.137,-2.25
0.138,-2.36
0.139,-2.48
0.14,-2.45
0.141,-2.45
0.142,-2.52
0.143,-2.52
0.144,-2.66
0.145,-2.55
0.146,-2.45
0.147,-2.54
0.148,-2.57
0.149,-2.54
0.15,-2.64
0.151,-2.57
0.152,-2.49
0.153,-2.61
0.154,-2.91
0.155,-3.03
0.156,-3.01
0.157,-3.2
0.158,-3.14
0.159,-3.02
0.16,-2.72
0.161,-2.51
0.162,-2.72
0.163,-2.69
0.164,-2.59
0.165,-2.59
0.166,-2.65
0.167,-2.78
0.168,-2.89
0.169,-2.5
0.17,-2.43
0.171,-2.36
0.172,-2.5
0.173,-2.44
0.174,-2.5
0.175,-2.54
0.176,-2.36
0.177,-2.39
0.178,-2.46
0.179,-2.27
0.18,-2.24
0.181,-2.39
0.182,-2.52
0.183,-2.42
0.184,-2.29
0.185,-2.21
0.186,-2.19
0.187,-2.12
0.188,-1.99
0.189,-1.94
0.19,-1.92
0.191,-1.76
0.192,-1.52
0.193,-1.65
0.194,-1.63
0.195,-1.6
0.196,-1.52
0.197,-1.4
0.198,-1.19
0.199,-1.11
0.2,-1.08
0.201,-1.01
0.202,-0.9
0.203,-0.83
0.204,-0.87
0.205,-0.92
0.206,-0.92
0.207,-0.87
0.208,-0.77
0.209,-0.75
0.21,-0.76
0.211,-0.71
0.212,-0.67
0.213,-0.62
0.214,-0.71
0.215,-0.75
0.216,-0.75
0.217,-0.92
0.218,-1.13
0.219,-1.48
0.22,-1.67
0.221,-1.76
0.222,-1.93
0.223,-1.98
0.224,-1.95
0.225,-1.96
0.226,-1.98
0.227,-1.92
0.228,-1.93
0.229,-1.9
0.23,-1.87
0.231,-1.76
0.232,-1.61
0.233,-1.59
0.234,-1.54
0.235,-1.46
0.236,-1.31
0.237,-1.1
0.238,-0.97
0.239,-0.82
0.24,-0.77
0.241,-0.83
0.242,-1.09
0.243,-1.31
0.244,-1.44
0.245,-1.39
0.246,-1.74
0.247,-2.02
0.248,-2.21
0.249,-2.36
0.25,-2.42
0.251,-2.58
0.252,-2.47
0.253,-2.59
0.254,-2.66
0.255,-2.59
0.256,-2.58
0.257,-2.56
0.258,-2.58
0.259,-2.58
0.26,-2.65
0.261,-2.68
0.262,-2.85
0.263,-2.67
0.264,-2.81
0.265,-2.78
0.266,-2.82
0.267,-2.93
0.268,-3.03
0.269,-3.18
0.27,-3.06
0.271,-2.94
0.272,-2.88
0.273,-3.1
0.274,-2.98
0.275,-2.85
0.276,-2.83
0.277,-2.67
0.278,-2.58
0.279,-2.52
0.28,-2.41
0.281,-2.39
0.282,-2.2
0.283,-1.98
0.284,-1.79
0.285,-1.69
0.286,-1.65
0.287,-1.68
0.288,-1.83
0.289,-1.8
0.29,-1.89
0.291,-1.96
0.292,-2.1
0.293,-2.36
0.294,-2.36
0.295,-2.31
0.296,-2.15
0.297,-2.19
0.298,-2.1
0.299,-2.1
0.3,-2.14
0.301,-2.05
0.302,-1.97
0.303,-1.87
0.304,-1.78
0.305,-1.77
0.306,-1.71
0.307,-1.71
0.308,-1.53
0.309,-1.4
0.31,-1.34
0.311,-1.26
0.312,-1.2
0.313,-1.05
0.314,-1.1
0.315,-1.23
0.316,-1.23
0.317,-1.25
0.318,-1.3
0.319,-1.12
0.32,-0.94
0.321,-0.8
0.322,-0.69
0.323,-0.65
0.324,-0.54
0.325,-0.45
0.326,-0.32
0.327,-0.33
0.328,-0.21
0.329,-0.1
0.33,-0.11
0.331,-0.07
0.332,-0.16
0.333,-0.46
0.334,-0.64
0.335,-1.01
0.336,-1.24
0.337,-1.68
0.338,-1.77
0.339,-2.07
0.34,-2.25
0.341,-2.62
0.342,-2.75
0.343,-2.67
0.344,-2.75
0.345,-2.91
0.346,-2.98
0.347,-2.99
0.348,-2.96
0.349,-2.86
0.35,-2.94
0.351,-3.04
0.352,-2.95
0.353,-2.9
0.354,-3.01
0.355,-3.16
0.356,-3.04
0.357,-3.07
0.358,-2.91
0.359,-2.92
0.36,-2.78
0.361,-3.01
0.362,-3.26
0.363,-3.25
0.364,-3.13
0.365,-3.19
0.366,-3.13
0.367,-3.12
0.368,-3.13
0.369,-2.97
0.37,-2.93
0.371,-2.86
0.372,-2.88
0.373,-3.06
0.374,-2.96
0.375,-2.87
0.376,-2.78
0.377,-2.59
0.378,-2.48
0.379,-2.3
0.38,-2.2
0.381,-2.12
0.382,-2.12
0.383,-2.01
0.384,-1.98
0.385,-2.09
0.386,-2.17
0.387,-1.62
0.388,-1.76
0.389,-1.71
0.39,-1.61
0.391,-1.45
0.392,-1.21
0.393,-1.26
0.394,-1.29
0.395,-1.22
0.396,-1.32
0.397,-0.93
0.398,-1
0.399,-0.82
0.4,-0.55
0.401,-0.34
0.402,-0.09
0.403,0.27
0.404,0.5
0.405,0.25
0.406,0.16
0.407,0.2
0.408,0.17
0.409,0.29
0.41,0.12
0.411,-0.11
0.412,-0.12
0.413,0.03
0.414,-0.2
0.415,-0.09
0.416,-0.18
0.417,-0.82
0.418,-0.96
0.419,-1.16
0.42,-1.57
0.421,-1.88
0.422,-2.11
0.423,-2.3
0.424,-2.52
0.425,-2.63
0.426,-2.76
0.427,-2.86
0.428,-3.01
0.429,-2.9
0.43,-2.88
0.431,-3.12
0.432,-3.2
0.433,-3.28
0.434,-3.33
0.435,-3.38
0.436,-3.24
0.437,-3.43
0.438,-3.52
0.439,-3.53
0.44,-3.43
0.441,-3.43
0.442,-3.39
0.443,-3.47
0.444,-3.52
0.445,-3.5
0.446,-3.56
0.447,-3.58
0.448,-3.56
0.449,-3.48
0.45,-3.43
0.451,-3.36
0.452,-3.43
0.453,-3.59
0.454,-3.62
0.455,-3.65
0.456,-3.71
0.457,-3.74
0.458,-3.66
0.459,-3.69
0.46,-3.84
0.461,-3.96
0.462,-3.97
0.463,-3.91
0.464,-3.79
0.465,-3.76
0.466,-3.8
0.467,-3.74
0.468,-3.67
0.469,-3.61
0.47,-3.48
0.471,-3.61
0.472,-3.32
0.473,-3.2
0.474,-3.05
0.475,-2.91
0.476,-2.87
0.477,-2.81
0.478,-2.72
0.479,-2.54
0.48,-2.49
0.481,-2.53
0.482,-2.36
0.483,-2.08
0.484,-2.13
0.485,-2.17
0.486,-2.19
0.487,-2.17
0.488,-2.09
0.489,-1.89
0.49,-1.64
0.491,-1.57
0.492,-1.57
0.493,-1.54
0.494,-1.48
0.495,-1.53
0.496,-1.46
0.497,-1.37
0.498,-1.35
0.499,-1.3
0.5,-1.36
0.501,-1.44
0.502,-1.49
0.503,-1.52
0.504,-1.58
0.505,-1.65
0.506,-1.72
0.507,-1.81
0.508,-1.91
0.509,-2.1
0.51,-2
0.511,-1.99
0.512,-2.01
0.513,-2.06
0.514,-2.1
0.515,-2.14
0.516,-2.18
0.517,-2.09
0.518,-2.14
0.519,-2.1
0.52,-2.13
0.521,-2.15
0.522,-2.11
0.523,-2.07
0.524,-2.09
0.525,-2.15
0.526,-2.14
0.527,-2.2
0.528,-2.3
0.529,-2.22
0.53,-2.38
0.531,-2.45
0.532,-2.44
0.533,-2.62
0.534,-2.72
0.535,-2.82
0.536,-2.88
0.537,-2.91
0.538,-2.95
0.539,-3.04
0.54,-3.02
0.541,-3.13
0.542,-3.15
0.543,-2.92
0.544,-3
0.545,-2.86
0.546,-2.73
0.547,-2.7
0.548,-2.65
0.549,-2.66
0.55,-2.62
0.551,-2.62
0.552,-2.57
0.553,-2.47
0.554,-2.3
0.555,-2.37
0.556,-2.36
0.557,-2.4
0.558,-2.23
0.559,-2.23
0.56,-2.07
0.561,-2.09
0.562,-2.01
0.563,-1.94
0.564,-1.81
0.565,-1.64
0.566,-1.54
0.567,-1.41
0.568,-1.38
0.569,-1.48
0.57,-1.48
0.571,-1.5
0.572,-1.47
0.573,-1.27
0.574,-1.17
0.575,-1.07
0.576,-1.06
0.577,-1.07
0.578,-1.16
0.579,-1.21
0.58,-1.36
0.581,-1.53
0.582,-1.54
0.583,-1.51
0.584,-1.35
0.585,-1.36
0.586,-1.36
0.587,-1.42
0.588,-1.47
0.589,-1.41
0.59,-1.28
0.591,-1.33
0.592,-1.52
0.593,-1.45
0.594,-1.31
0.595,-1.15
0.596,-1
0.597,-1.01
0.598,-1.08
0.599,-1.05
0.6,-1.05
0.601,-0.86
0.602,-0.85
0.603,-0.76
0.604,-0.74
0.605,-0.68
0.606,-0.64
0.607,-0.64
0.608,-0.75
0.609,-0.85
0.61,-0.86
0.611,-0.93
0.612,-0.99
0.613,-1.01
0.614,-1.09
0.615,-1.2
0.616,-1.38
0.617,-1.49
0.618,-1.45
0.619,-1.55
0.62,-1.62
0.621,-1.72
0.622,-1.89
0.623,-2.05
0.624,-2.27
0.625,-2.47
0.626,-2.58
0.627,-2.65
0.628,-2.74
0.629,-2.84
0.63,-2.89
0.631,-2.92
0.632,-2.89
0.633,-2.86
0.634,-2.88
0.635,-2.86
0.636,-2.84
0.637,-2.9
0.638,-2.75
0.639,-2.74
0.64,-2.68
0.641,-2.65
0.642,-2.65
0.643,-2.53
0.644,-2.51
0.645,-2.26
0.646,-2.43
0.647,-2.45
0.648,-2.43
0.649,-2.47
0.65,-2.56
0.651,-2.52
0.652,-2.76
0.653,-2.63
0.654,-2.57
0.655,-2.53
0.656,-2.41
0.657,-2.42
0.658,-2.52
0.659,-2.56
0.66,-2.57
0.661,-2.6
0.662,-2.63
0.663,-2.67
0.664,-2.64
0.665,-2.61
0.666,-2.56
0.667,-2.63
0.668,-2.63
0.669,-2.73
0.67,-2.73
0.671,-2.75
0.672,-2.76
0.673,-2.87
0.674,-2.77
0.675,-2.64
0.676,-2.67
0.677,-2.52
0.678,-2.44
0.679,-2.38
0.68,-2.37
0.681,-2.32
0.682,-2.22
0.683,-2
0.684,-2
0.685,-2.12
0.686,-2.14
0.687,-1.84
0.688,-1.54
0.689,-1.04
0.69,-1.02
0.691,-1.15
0.692,-1.15
0.693,-0.92
0.694,-1.45
0.695,-1.42
0.696,-1.43
0.697,-1.39
0.698,-1.22
0.699,-1.12
0.7,-1.02
0.701,-1.04
0.702,-1.02
0.703,-1.18
0.704,-1.07
0.705,-0.94
0.706,-0.92
0.707,-1.01
0.708,-1.24
0.709,-1.38
0.71,-1.56
0.711,-1.74
0.712,-2.08
0.713,-2.19
0.714,-2.31
0.715,-2.8
0.716,-2.76
0.717,-2.81
0.718,-2.83
0.719,-2.85
0.72,-2.82
0.721,-2.77
0.722,-2.74
0.723,-2.63
0.724,-2.59
0.725,-2.54
0.726,-2.6
0.727,-2.63
0.728,-2.61
0.729,-2.53
0.73,-2.44
0.731,-2.31
0.732,-2.26
0.733,-2.3
0.734,-2.22
0.735,-2.18
0.736,-2.05
0.737,-1.97
0.738,-1.94
0.739,-1.95
0.74,-2.01
0.741,-2.11
0.742,-2.2
0.743,-2.25
0.744,-2.35
0.745,-2.42
0.746,-2.58
0.747,-2.66
0.748,-2.6
0.749,-2.46
0.75,-2.36
0.751,-2.32
0.752,-2.33
0.753,-2.38
0.754,-2.34
0.755,-2.4
0.756,-2.25
0.757,-2.43
0.758,-2.39
0.759,-2.54
0.76,-2.33
0.761,-2.14
0.762,-1.96
0.763,-2
0.764,-1.88
0.765,-2.01
0.766,-1.98
0.767,-1.99
0.768,-1.98
0.769,-2.04
0.77,-2.09
0.771,-2.06
0.772,-1.98
0.773,-1.91
0.774,-1.8
0.775,-1.68
0.776,-1.49
0.777,-1.38
0.778,-1.14
0.779,-1.34
0.78,-1.17
0.781,-1
0.782,-0.89
0.783,-0.84
0.784,-0.92
0.785,-1.13
0.786,-1.35
0.787,-1.52
0.788,-1.7
0.789,-2.03
0.79,-2.34
0.791,-2.61
0.792,-2.69
0.793,-3.12
0.794,-3.67
0.795,-3.83
0.796,-3.95
0.797,-3.9
0.798,-3.62
0.799,-3.81
0.8,-3.73
0.801,-4.01
0.802,-3.85
0.803,-3.85
0.804,-3.8
0.805,-3.9
0.806,-3.84
0.807,-3.73
0.808,-3.6
0.809,-3.52
0.81,-3.13
0.811,-2.79
0.812,-2.67
0.813,-2.67
0.814,-2.58
0.815,-2.55
0.816,-2.52
0.817,-2.51
0.818,-2.47
0.819,-2.31
0.82,-2.13
0.821,-2.07
0.822,-1.97
0.823,-1.92
0.824,-1.94
0.825,-1.99
0.826,-2.03
0.827,-2.02
0.828,-2.1
0.829,-2.11
0.83,-2.14
0.831,-1.98
0.832,-1.96
0.833,-1.79
0.834,-1.7
0.835,-1.73
0.836,-1.66
0.837,-1.68
0.838,-1.62
0.839,-1.6
0.84,-1.53
0.841,-1.41
0.842,-1.23
0.843,-1.2
0.844,-1.04
0.845,-1.03
0.846,-1.03
0.847,-1.07
0.848,-1.1
0.849,-1.19
0.85,-1.24
0.851,-1.51
0.852,-1.42
0.853,-1.23
0.854,-1.07
0.855,-0.93
0.856,-0.9
0.857,-0.78
0.858,-0.76
0.859,-0.83
0.86,-0.86
0.861,-1.1
0.862,-1.42
0.863,-1.69
0.864,-1.97
0.865,-2.34
0.866,-2.53
0.867,-2.79
0.868,-2.79
0.869,-2.98
0.87,-3.03
0.871,-3.17
0.872,-3.29
0.873,-3.3
0.874,-3.35
0.875,-3.24
0.876,-3.22
0.877,-3.19
0.878,-3.1
0.879,-3.32
0.88,-3.38
0.881,-3.66
0.882,-3.56
0.883,-3.6
0.884,-3.64
0.885,-3.72
0.886,-3.7
0.887,-3.52
0.888,-3.61
0.889,-3.38
0.89,-3.28
0.891,-3.05
0.892,-3.01
0.893,-2.97
0.894,-2.91
0.895,-2.88
0.896,-2.89
0.897,-2.87
0.898,-2.83
0.899,-2.7
0.9,-2.677766676
0.901,-2.545750017
0.902,-2.493750025
0.903,-2.332200031
0.904,-2.250583371
0.905,-2.258650045
0.906,-2.236875053
0.907,-2.254866727
0.908,-2.203350067
0.909,-2.171750073
0.91,-2.130291746
0.911,-2.049300083
0.912,-2.166275095
0.913,-2.322583443
0.914,-2.320625118
0.915,-2.456800133
0.916,-2.661750153
0.917,-2.925450178
0.918,-3.001708527
0.919,-3.14666688
0.92,-3.212775229
0.921,-3.347483583
0.922,-3.423108601
0.923,-3.390800277
0.924,-3.338958618
0.925,-3.218716952
0.926,-3.14755029
0.927,-3.203466973
0.928,-3.151941979
0.929,-3.051750313
0.93,-2.893275307
0.931,-2.83240031
0.932,-2.693825305
0.933,-2.419450282
0.934,-2.213500266
0.935,-2.163100268
0.936,-2.103091934
0.937,-2.033500266
0.938,-1.905975256
0.939,-1.778666912
0.94,-1.854400262
0.941,-1.785250259
0.942,-1.629441909
0.943,-1.46426689
0.944,-1.395625218
0.945,-1.259783534
0.946,-1.181825193
0.947,-1.036800173
0.948,-0.987941835
0.949,-0.88166682
0.95,-0.718125128
0.951,-0.688800125
0.952,-0.697758462
0.953,-0.678050128
0.954,-0.715625138
0.955,-0.73406681
0.956,-0.762000152
0.957,-0.913600186
0.958,-1.036408548
0.959,-0.988000208
0.96,-1.015608551
0.961,-1.166450254
0.962,-1.241225275
0.963,-1.382133645
0.964,-1.551167022
0.965,-1.597050372
0.966,-1.595642044
0.967,-1.584800381
0.968,-1.715350419
0.969,-1.760917103
0.97,-1.646458748
0.971,-1.579200403
0.972,-1.446317041
0.973,-1.529483735
0.974,-1.53750041
0.975,-1.498667072
0.976,-1.50669208
0.977,-1.430550398
0.978,-1.410592064
0.979,-1.409333736
0.98,-1.501325435
0.981,-1.55588379
0.982,-1.656883826
0.983,-1.86000056
0.984,-1.849042231
0.985,-1.838100568
0.986,-1.845725577
0.987,-1.816267242
0.988,-1.694275543
0.989,-1.628000528
0.99,-1.672742216
0.991,-1.708167234
0.992,-1.595925536
0.993,-1.529967187
0.994,-1.344417129
0.995,-1.269600442
0.996,-1.148958738
0.997,-1.120367065
0.998,-1.064300383
0.999,-1.02666704
1,-1.044050384
1.001,-1.015650377
1.002,-0.996442041
1.003,-1.187333784
1.004,-1.27750049
1.005,-1.276333828
1.006,-1.247842155
1.007,-1.255800497
1.008,-1.327383864
1.009,-1.36250055
1.01,-1.415700577
1.011,-1.387200571
1.012,-1.413100588
1.013,-1.330350559
1.014,-1.329125564
1.015,-1.219500522
1.016,-1.173250507
1.017,-1.063967131
1.018,-1.017942115
1.019,-0.9000004
1.02,-0.881183729
1.021,-0.772567016
1.022,-0.655175299
1.023,-0.690433652
1.024,-0.671875313
1.025,-0.599650281
1.026,-0.536500254
1.027,-0.464533555
1.028,-0.464100224
1.029,-0.463666892
1.03,-0.534500262
1.031,-0.623000308
1.032,-0.720225359
1.033,-0.826150415
1.034,-0.914125464
1.035,-1.010800517
1.036,-1.160442265
1.037,-1.221300635
1.038,-1.36161738
1.039,-1.422167418
1.04,-1.350225719
1.041,-1.44593411
1.042,-1.365292406
1.043,-1.30240071
1.044,-1.239625682
1.045,-1.22088401
1.046,-1.28992572
1.047,-1.350067426
1.048,-1.436367481
1.049,-1.47000084
1.05,-1.459859174
1.051,-1.467200851
1.052,-1.526875893
1.053,-1.455684191
1.054,-1.436875853
1.055,-1.28760077
1.056,-1.364592488
1.057,-1.233034081
1.058,-1.171125716
1.059,-1.17000072
1.06,-1.125584031
1.061,-0.994750621
1.062,-0.812317177
1.063,-0.673400426
1.064,-0.508875325
1.065,-0.327433544
1.066,-0.137733422
1.067,-0.017200011
1.068,0.085916723
1.069,0.163083441
1.07,0.197225131
1.071,0.171333448
1.072,0.171166782
1.073,0.196650133
1.074,0.17083345
1.075,0.204800141
1.076,0.213125148
1.077,0.153300107
1.078,0.187183465
1.079,0.238000168
1.08,0.297208545
1.081,0.330850237
1.082,0.313575226
1.083,0.237066838
1.084,0.160708451
1.085,0.126750093
1.086,-0.101300075
1.087,-0.20240015
1.088,-0.404400302
1.089,-0.446083669
1.09,-0.55495042
1.091,-0.562800429
1.092,-0.604200463
1.093,-0.796417281
1.094,-0.938000728
1.095,-1.07093417
1.096,-1.161809246
1.097,-1.177350931
1.098,-1.084417529
1.099,-1.2083343
1.1,-1.090575878
1.101,-1.089484215
1.102,-1.163167614
1.103,-1.228401006
1.104,-1.169125964
1.105,-1.051984205
1.106,-0.868875725
1.107,-0.801867339
1.108,-0.635892203
1.109,-0.610500518
1.11,-0.329666948
1.111,-0.518700445
1.112,-0.616875533
1.113,-0.723067294
1.114,-0.796209029
1.115,-0.844600742
1.116,-0.950234172
1.117,-1.014734234
1.118,-1.03005092
1.119,-1.14333436
1.12,-1.199276083
1.121,-1.336601214
1.122,-1.481784686
1.123,-1.537201411
1.124,-1.519376403
1.125,-1.477234704
1.126,-1.386526294
1.127,-1.328401246
1.128,-1.310851237
1.129,-1.349917947
1.13,-1.396976332
1.131,-1.395534671
1.132,-1.490793104
1.133,-1.585851537
1.134,-1.479668108
1.135,-1.20500118
1.136,-1.348201327
1.137,-1.354818007
1.138,-1.449509775
1.139,-1.36000136
1.14,-1.238709579
1.141,-1.053801065
1.142,-1.060676077
1.143,-0.979901
1.144,-0.947042639
1.145,-0.914250943
1.146,-0.82593419
1.147,-0.690200719
1.148,-0.586450614
1.149,-0.467083825
1.15,-0.403325427
1.151,-0.363400386
1.152,-0.457717156
1.153,-0.457233824
1.154,-0.378000408
1.155,-0.322533683
1.156,-0.220033573
1.157,-0.149150163
1.158,-0.094100104
1.159,-0.047000052
1.16,-0.039125044
1.161,-0.023450026
1.162,0.039041711
1.163,0.124800141
1.164,0.109083457
1.165,0.124533475
1.166,0.163275187
1.167,0.178633539
1.168,0.170683531
1.169,0.240250279
1.17,0.239991947
1.171,0.208800245
1.172,0.216300255
1.173,0.223783598
1.174,0.24666696
1.175,0.207900248
1.176,0.215366925
1.177,0.215133593
1.178,0.184200223
1.179,0.207000252
1.18,0.222091938
1.181,0.321300395
1.182,0.359158777
1.183,0.389300483
1.184,0.350750437
1.185,0.373217134
1.186,0.349983773
1.187,0.349600442
1.188,0.341625434
1.189,0.288167034
1.19,0.272700349
1.191,0.060533411
1.192,-0.022675029
1.193,-0.196300255
1.194,-0.256417001
1.195,-0.421867219
1.196,-0.489125644
1.197,-0.533684039
1.198,-0.713292614
1.199,-0.81750109
1.2,-0.913984557
1.201,-0.890517865
1.202,-0.882051192
1.203,-0.91093457
1.204,-0.89500122
1.205,-0.871651193
1.206,-0.855792844
1.207,-0.773067734
1.208,-0.705375979
1.209,-0.615584191
1.21,-0.644525902
1.211,-0.584600822
1.212,-0.554375783
1.213,-0.642350911
1.214,-0.641625914
1.215,-0.773501106
1.216,-0.853567892
1.217,-0.911401314
1.218,-0.84429289
1.219,-0.858001248
1.22,-0.900976316
1.221,-0.863367933
1.222,-0.767376131
1.223,-0.678901004
1.224,-0.61250091
1.225,-0.517117438
1.226,-0.4001256
1.227,-0.290667104
1.228,-0.275817083
1.229,-0.166750253
1.23,-0.09414181
1.231,0.137433544
1.232,0.216750333
1.233,0.202066978
1.234,0.194625302
1.235,0.194400302
1.236,0.17260027
1.237,0.165216926
1.238,0.078925124
1.239,0.007166678
1.24,-0.014316689
1.241,-0.085800137
1.242,-0.249958734
1.243,-0.428000688
1.244,-0.577125932
1.245,-0.782834602
1.246,-1.009384976
1.247,-1.100501798
1.248,-1.205585311
1.249,-1.24666872
1.25,-1.273502106
1.251,-1.173068614
1.252,-1.129335216
1.253,-1.269002124
1.254,-1.309752201
1.255,-1.378535659
1.256,-1.397977368
1.257,-1.40333572
1.258,-1.345602298
1.259,-1.344002304
1.26,-1.258502166
1.261,-1.347785662
1.262,-1.318277287
1.263,-1.316702293
1.264,-1.224668808
1.265,-1.070301879
1.266,-0.971835046
1.267,-0.92906831
1.268,-0.893326587
1.269,-0.892251591
1.27,-0.794459756
1.271,-0.738301327
1.272,-0.634034477
1.273,-0.591967739
1.274,-0.52250095
1.275,-0.508134261
1.276,-0.445792484
1.277,-0.445250819
1.278,-0.362609003
1.279,-0.403167414
1.28,-0.293475546
1.281,-0.361284008
1.282,-0.483392573
1.283,-0.503200947
1.284,-0.570501078
1.285,-0.583367773
1.286,-0.596201135
1.287,-0.50750097
1.288,-0.527151011
1.289,-0.587251131
1.29,-0.647201251
1.291,-0.538667712
1.292,-0.531276035
1.293,-0.611217862
1.294,-0.69095969
1.295,-0.716901412
1.296,-0.69593471
1.297,-0.681701353
1.298,-0.74760149
1.299,-0.70666808
1.3,-0.66583467
1.301,-0.638401286
1.302,-0.591109529
1.303,-0.550567784
1.304,-0.503501026
1.305,-0.456550934
1.306,-0.370067426
1.307,-0.323400666
1.308,-0.270258892
1.309,-0.190917063
1.31,-0.12492526
1.311,-0.118200247
1.312,-0.04590843
1.313,-0.013100028
1.314,0.078500166
1.315,0.16333368
1.316,0.228375487
1.317,0.241117182
1.318,0.253825545
1.319,0.240500518
1.32,0.155800337
1.321,0.084283516
1.322,0.019425042
1.323,-0.045266766
1.324,-0.096875213
1.325,-0.116100256
1.326,-0.154600342
1.327,-0.109366909
1.328,-0.128500286
1.329,-0.179667068
1.33,-0.211475474
1.331,-0.224000504
1.332,-0.249275563
1.333,-0.344700781
1.334,-0.459001044
1.335,-0.413834278
1.336,-0.324275743
1.337,-0.438151007
1.338,-0.48830946
1.339,-0.500334492
1.34,-0.499676161
1.341,-0.467434424
1.342,-0.473126108
1.343,-0.428401006
1.344,-0.352334164
1.345,-0.163367053
1.346,-0.112950268
1.347,-0.025066726
1.348,0.050066786
1.349,0.131250315
1.35,0.187250451
1.351,0.162067058
1.352,0.273900664
1.353,0.373000908
1.354,0.484251183
1.355,0.589001444
1.356,0.569634735
1.357,0.556501374
1.358,0.605151499
1.359,0.6166682
1.36,0.597359824
1.361,0.602701509
1.362,0.589601482
1.363,0.545868043
1.364,0.447126132
1.365,0.336417521
1.366,0.244333956
1.367,0.09760025
1.368,0.024366729
1.369,-0.048666792
1.37,-0.206550534
1.371,-0.321534167
1.372,-0.448317833
1.373,-0.520301359
1.374,-0.592084885
1.375,-0.573168174
1.376,-0.644676701
1.377,-0.655818403
1.378,-0.606843279
1.379,-0.636001696
1.38,-0.641110049
1.381,-0.646201735
1.382,-0.609451642
1.383,-0.513134721
1.384,-0.524334756
1.385,-0.446251215
1.386,-0.297084145
1.387,-0.255134033
1.388,-0.237000652
1.389,-0.230750637
1.39,-0.159525442
1.391,-0.070800197
1.392,-0.011783366
1.393,0.017650049
1.394,-0.011750033
1.395,-0.070400198
1.396,-0.0234334
1.397,0.040950116
1.398,0.093466933
1.399,0.0816669
1.4,0.046600134
1.401,0.0349001
1.402,0.029041751
1.403,0.023200067
1.404,-0.034750101
1.405,-0.138800405
1.406,-0.231000676
1.407,-0.294100864
1.408,-0.276400814
1.409,-0.166750493
1.41,-0.15502546
1.411,-0.177733862
1.412,-0.211825633
1.413,-0.205800617
1.414,-0.085625258
1.415,-0.085500258
1.416,-0.005691684
1.417,0.056833506
1.418,-0.011350035
1.419,-0.02833342
1.42,-0.005658351
1.421,0.033900104
1.422,0.050775157
1.423,0.045066806
1.424,0.061875193
1.425,0.106717
1.426,0.112167018
1.427,0.123200387
1.428,0.15656716
1.429,0.150750477
1.43,0.122650389
1.431,0.205967323
1.432,0.255684151
1.433,0.288600926
1.434,0.387917915
1.435,0.403934638
1.436,0.375701217
1.437,0.40823466
1.438,0.402109645
1.439,0.407001332
1.44,0.411876353
1.441,0.460601518
1.442,0.454426502
1.443,0.464668208
1.444,0.469418229
1.445,0.501401674
1.446,0.489751641
1.447,0.478134941
1.448,0.444851501
1.449,0.39000132
1.45,0.281234288
1.451,0.172800589
1.452,0.053916851
1.453,-0.156117202
1.454,-0.25262587
1.455,-0.375667964
1.456,-0.33757617
1.457,-0.315651097
1.458,-0.336526174
1.459,-0.384001344
1.46,-0.378076328
1.461,-0.425334832
1.462,-0.456518281
1.463,-0.418701485
1.464,-0.381001356
1.465,-0.322284484
1.466,-0.247925888
1.467,-0.21593411
1.468,-0.178783978
1.469,-0.115500418
1.47,-0.083866971
1.471,-0.036633467
1.472,-0.005225019
1.473,0.026083429
1.474,0.057291878
1.475,0.114400422
1.476,0.166133949
1.477,0.228067514
1.478,0.279451042
1.479,0.31000116
1.48,0.304342809
1.481,0.355351339
1.482,0.385626458
1.483,0.390134813
1.484,0.430501638
1.485,0.460501758
1.486,0.464860114
1.487,0.479401842
1.488,0.453160081
1.489,0.381251475
1.49,0.304501182
1.491,0.248267634
1.492,0.187159065
1.493,0.136350535
1.494,0.080666984
1.495,0.035233472
1.496,-0.00502502
1.497,-0.115383792
1.498,-0.150250599
1.499,-0.16000064
1.5,-0.13
1.501,-0.125
1.502,-0.13
1.503,-0.16
1.504,-0.17
1.505,-0.18
1.506,-0.165
1.507,-0.135
1.508,-0.125
1.509,-0.1
1.51,-0.07
1.511,-0.05
1.512,0.015
1.513,0.055
1.514,0.09
1.515,0.1
1.516,0.11
1.517,0.1
1.518,0.14
1.519,0.15
1.52,0.14
1.521,0.155
1.522,0.085
1.523,0.095
1.524,0.095
1.525,0.05
1.526,0.035
1.527,0.01
1.528,0.045
1.529,-0.105
1.53,-0.13
1.531,-0.225
1.532,-0.245
1.533,-0.31
1.534,-0.36
1.535,-0.38
1.536,-0.38
1.537,-0.455
1.538,-0.45
1.539,-0.41
1.54,-0.37
1.541,-0.385
1.542,-0.37
1.543,-0.365
1.544,-0.37
1.545,-0.34
1.546,-0.295
1.547,-0.305
1.548,-0.285
1.549,-0.22
1.55,-0.135
1.551,0
1.552,-0.03
1.553,-0.075
1.554,-0.09
1.555,-0.09
1.556,-0.095
1.557,-0.05
1.558,0.08
1.559,0.16
1.56,0.195
1.561,0.21
1.562,0.205
1.563,0.215
1.564,0.25
1.565,0.22
1.566,0.24
1.567,0.205
1.568,0.155
1.569,0.14
1.57,0.075
1.571,0.055
1.572,-0.015
1.573,-0.035
1.574,-0.095
1.575,-0.15
1.576,-0.09
1.577,-0.075
1.578,-0.2
1.579,-0.185
1.58,-0.165
1.581,-0.11
1.582,-0.08
1.583,-0.015
1.584,0.045
1.585,0.095
1.586,0.075
1.587,0.045
1.588,0.005
1.589,0.015
1.59,-0.005
1.591,-0.075
1.592,-0.04
1.593,0.04
1.594,0.105
1.595,0.105
1.596,0.095
1.597,0.095
1.598,0.12
1.599,0.155
1.6,0.175
1.601,0.19
1.602,0.215
1.603,0.24
1.604,0.25
1.605,0.285
1.606,0.28
1.607,0.285
1.608,0.29
1.609,0.28
1.61,0.27
1.611,0.28
1.612,0.285
1.613,0.27
1.614,0.285
1.615,0.285
1.616,0.28
1.617,0.265
1.618,0.245
1.619,0.205
1.62,0.185
1.621,0.155
1.622,0.15
1.623,0.145
1.624,0.1
1.625,0.055
1.626,0.045
1.627,0.09
1.628,0.12
1.629,0.18
1.63,0.23
1.631,0.235
1.632,0.235
1.633,0.22
1.634,0.18
1.635,0.175
1.636,0.11
1.637,0.085
1.638,0.06
1.639,0.025
1.64,0
1.641,-0.01
1.642,-0.01
1.643,-0.025
1.644,-0.06
1.645,-0.07
1.646,-0.095
1.647,-0.11
1.648,-0.135
1.649,-0.17
1.65,-0.165
1.651,-0.17
1.652,-0.195
1.653,-0.215
1.654,-0.26
1.655,-0.295
1.656,-0.28
1.657,-0.305
1.658,-0.355
1.659,-0.36
1.66,-0.39
1.661,-0.5
1.662,-0.485
1.663,-0.49
1.664,-0.495
1.665,-0.505
1.666,-0.46
1.667,-0.445
1.668,-0.32
1.669,-0.22
1.67,-0.145
1.671,-0.165
1.672,-0.215
1.673,-0.14
1.674,-0.135
1.675,-0.11
1.676,-0.085
1.677,-0.055
1.678,-0.03
1.679,-0.015
1.68,0.01
1.681,0.01
1.682,-0.04
1.683,0.025
1.684,0.05
1.685,-0.005
1.686,0.025
1.687,0.06
1.688,0.06
1.689,0.085
1.69,0.145
1.691,0.19
1.692,0.205
1.693,0.205
1.694,0.18
1.695,0.095
1.696,0.055
1.697,0
1.698,-0.04
1.699,-0.075
1.7,-0.09
1.701,-0.1
1.702,-0.105
1.703,-0.155
1.704,-0.13
1.705,-0.115
1.706,-0.08
1.707,-0.055
1.708,-0.065
1.709,-0.08
1.71,-0.105
1.711,-0.075
1.712,-0.045
1.713,-0.005
1.714,0.025
1.715,0.095
1.716,0.105
1.717,0.16
1.718,0.17
1.719,0.19
1.72,0.14
1.721,0.09
1.722,0.065
1.723,0.04
1.724,0.065
1.725,0.075
1.726,0.05
1.727,0.035
1.728,0.01
1.729,-0.01
1.73,-0.05
1.731,-0.03
1.732,0.005
1.733,0.01
1.734,0.015
1.735,0.065
1.736,0.125
1.737,0.235
1.738,0.32
1.739,0.325
1.74,0.285
1.741,0.22
1.742,0.025
1.743,-0.05
1.744,-0.08
1.745,-0.13
1.746,-0.15
1.747,-0.17
1.748,-0.2
1.749,-0.155
1.75,-0.11
1.751,-0.12
1.752,-0.065
1.753,-0.02
1.754,-0.065
1.755,-0.135
1.756,-0.035
1.757,-0.05
1.758,-0.03
1.759,-0.025
1.76,-0.02
1.761,-0.07
1.762,-0.105
1.763,-0.03
1.764,0.055
1.765,0.13
1.766,0.18
1.767,0.215
1.768,0.24
1.769,0.26
1.77,0.265
1.771,0.33
1.772,0.35
1.773,0.445
1.774,0.465
1.775,0.475
1.776,0.49
1.777,0.48
1.778,0.5
1.779,0.465
1.78,0.39
1.781,0.325
1.782,0.26
1.783,0.235
1.784,0.205
1.785,0.145
1.786,0.1
1.787,0.04
1.788,-0.055
1.789,-0.125
1.79,-0.14
1.791,-0.1
1.792,-0.185
1.793,-0.17
1.794,-0.17
1.795,-0.105
1.796,-0.08
1.797,-0.14
1.798,-0.145
1.799,-0.115
1.8,-0.025
1.801,0.045
1.802,0.09
1.803,0.145
1.804,0.105
1.805,0.145
1.806,0.17
1.807,0.17
1.808,0.185
1.809,0.2
1.81,0.255
1.811,0.215
1.812,0.245
1.813,0.145
1.814,0.14
1.815,0.115
1.816,0.065
1.817,-0.015
1.818,-0.07
1.819,-0.005
1.82,0.05
1.821,0.095
1.822,0.21
1.823,0.235
1.824,0.26
1.825,0.285
1.826,0.3
1.827,0.36
1.828,0.385
1.829,0.305
1.83,0.41
1.831,0.38
1.832,0.395
1.833,0.255
1.834,0.27
1.835,0.285
1.836,0.24
1.837,0.2
1.838,0.255
1.839,0.315
1.84,0.3
1.841,0.295
1.842,0.325
1.843,0.41
1.844,0.5
1.845,0.485
1.846,0.49
1.847,0.445
1.848,0.38
1.849,0.36
1.85,0.26
1.851,0.26
1.852,0.2
1.853,0.16
1.854,0.135
1.855,0.145
1.856,0.07
1.857,0.025
1.858,-0.01
1.859,0.01
1.86,-0.005
1.861,-0.075
1.862,-0.06
1.863,-0.04
1.864,0.035
1.865,0.055
1.866,0.075
1.867,0.1
1.868,0.145
1.869,0.175
1.87,0.195
1.871,0.18
1.872,0.23
1.873,0.27
1.874,0.42
1.875,0.32
1.876,0.335
1.877,0.27
1.878,0.315
1.879,0.325
1.88,0.285
1.881,0.29
1.882,0.27
1.883,0.29
1.884,0.235
1.885,0.29
1.886,0.28
1.887,0.325
1.888,0.285
1.889,0.295
1.89,0.29
1.891,0.255
1.892,0.235
1.893,0.22
1.894,0.27
1.895,0.23
1.896,0.25
1.897,0.185
1.898,0.12
1.899,0.255
1.9,0.21
1.901,0.205
1.902,0.165
1.903,0.2
1.904,0.22
1.905,0.2
1.906,0.22
1.907,0.27
1.908,0.3
1.909,0.31
1.91,0.405
1.911,0.395
1.912,0.385
1.913,0.375
1.914,0.32
1.915,0.335
1.916,0.35
1.917,0.395
1.918,0.435
1.919,0.44
1.92,0.445
1.921,0.465
1.922,0.475
1.923,0.535
1.924,0.555
1.925,0.525
1.926,0.515
1.927,0.515
1.928,0.52
1.929,0.49
1.93,0.51
1.931,0.555
1.932,0.575
1.933,0.52
1.934,0.565
1.935,0.52
1.936,0.445
1.937,0.435
1.938,0.46
1.939,0.46
1.94,0.46
1.941,0.325
1.942,0.315
1.943,0.28
1.944,0.225
1.945,0.18
1.946,0.135
1.947,0.09
1.948,0.09
1.949,0.07
1.95,0.005
1.951,0.01
1.952,0.03
1.953,0.08
1.954,0.105
1.955,0.125
1.956,0.115
1.957,0.05
1.958,0.085
1.959,0.12
1.96,0.16
1.961,0.235
1.962,0.305
1.963,0.34
1.964,0.33
1.965,0.315
1.966,0.28
1.967,0.295
1.968,0.28
1.969,0.265
1.97,0.28
1.971,0.31
1.972,0.36
1.973,0.385
1.974,0.43
1.975,0.465
1.976,0.475
1.977,0.485
1.978,0.47
1.979,0.47
1.98,0.48
1.981,0.495
1.982,0.51
1.983,0.52
1.984,0.475
1.985,0.465
1.986,0.445
1.987,0.46
1.988,0.48
1.989,0.475
1.99,0.445
1.991,0.505
1.992,0.475
1.993,0.42
1.994,0.435
1.995,0.35
1.996,0.34
1.997,0.385
1.998,0.42
1.999,0.35
2,0.34
2.001,0.345
2.002,0.335
2.003,0.355
2.004,0.325
2.005,0.28
2.006,0.28
2.007,0.285
2.008,0.285
2.009,0.29
2.01,0.35
2.011,0.395
2.012,0.405
2.013,0.425
2.014,0.385
2.015,0.435
2.016,0.445
2.017,0.495
2.018,0.445
2.019,0.5
2.02,0.55
2.021,0.5
2.022,0.485
2.023,0.535
2.024,0.545
2.025,0.54
2.026,0.51
2.027,0.535
2.028,0.495
2.029,0.44
2.03,0.395
2.031,0.38
2.032,0.35
2.033,0.41
2.034,0.385
2.035,0.355
2.036,0.395
2.037,0.39
2.038,0.385
2.039,0.405
2.04,0.385
2.041,0.345
2.042,0.39
2.043,0.3
2.044,0.32
2.045,0.33
2.046,0.34
2.047,0.37
2.048,0.39
2.049,0.4
2.05,0.405
2.051,0.36
2.052,0.38
2.053,0.375
2.054,0.36
2.055,0.325
2.056,0.31
2.057,0.28
2.058,0.26
2.059,0.245
2.06,0.215
2.061,0.155
2.062,0.14
2.063,0.135
2.064,0.07
2.065,-0.005
2.066,-0.095
2.067,-0.195
2.068,-0.18
2.069,-0.25
2.07,-0.245
2.071,-0.24
2.072,-0.29
2.073,-0.3
2.074,-0.22
2.075,-0.275
2.076,-0.2
2.077,-0.21
2.078,-0.125
2.079,-0.16
2.08,-0.13
2.081,-0.115
2.082,-0.12
2.083,-0.1
2.084,-0.08
2.085,-0.07
2.086,-0.045
2.087,0.01
2.088,0.075
2.089,0.09
2.09,0.075
2.091,0.15
2.092,0.17
2.093,0.165
2.094,0.185
2.095,0.185
2.096,0.16
2.097,0.13
2.098,0.135
2.099,0.165
2.1,0.145
2.101,0.16
2.102,0.145
2.103,0.155
2.104,0.16
2.105,0.17
2.106,0.185
2.107,0.145
2.108,0.175
2.109,0.21
2.11,0.25
2.111,0.25
2.112,0.31
2.113,0.3
2.114,0.31
2.115,0.31
2.116,0.255
2.117,0.26
2.118,0.275
2.119,0.29
2.12,0.305
2.121,0.355
2.122,0.395
2.123,0.425
2.124,0.425
2.125,0.41
2.126,0.39
2.127,0.435
2.128,0.495
2.129,0.55
2.13,0.62
2.131,0.655
2.132,0.67
2.133,0.67
2.134,0.685
2.135,0.665
2.136,0.625
2.137,0.66
2.138,0.69
2.139,0.675
2.14,0.615
2.141,0.525
2.142,0.44
2.143,0.365
2.144,0.28
2.145,0.17
2.146,0.14
2.147,0.095
2.148,0.09
2.149,0.095
2.15,0.055
2.151,0.025
2.152,-0.065
2.153,-0.09
2.154,-0.125
2.155,-0.145
2.156,-0.035
2.157,-0.04
2.158,0.04
2.159,-0.035
2.16,-0.045
2.161,-0.005
2.162,0.01
2.163,0.015
2.164,0.055
2.165,0.06
2.166,0.095
2.167,0.14
2.168,0.16
2.169,0.21
2.17,0.215
2.171,0.24
2.172,0.265
2.173,0.295
2.174,0.325
2.175,0.35
2.176,0.38
2.177,0.42
2.178,0.43
2.179,0.41
2.18,0.355
2.181,0.38
2.182,0.475
2.183,0.42
2.184,0.405
2.185,0.41
2.186,0.41
2.187,0.41
2.188,0.41
2.189,0.39
2.19,0.39
2.191,0.37
2.192,0.41
2.193,0.435
2.194,0.42
2.195,0.375
2.196,0.285
2.197,0.28
2.198,0.235
2.199,0.295
2.2,0.34
2.201,0.39
2.202,0.375
2.203,0.38
2.204,0.42
2.205,0.44
2.206,0.46
2.207,0.425
2.208,0.48
2.209,0.47
2.21,0.405
2.211,0.435
2.212,0.445
2.213,0.445
2.214,0.45
2.215,0.375
2.216,0.37
2.217,0.51
2.218,0.49
2.219,0.41
2.22,0.465
2.221,0.52
2.222,0.44
2.223,0.445
2.224,0.445
2.225,0.47
2.226,0.505
2.227,0.54
2.228,0.63
2.229,0.555
2.23,0.56
2.231,0.57
2.232,0.56
2.233,0.56
2.234,0.52
2.235,0.495
2.236,0.455
2.237,0.415
2.238,0.345
2.239,0.3
2.24,0.305
2.241,0.26
2.242,0.265
2.243,0.245
2.244,0.2
2.245,0.18
2.246,0.21
2.247,0.225
2.248,0.195
2.249,0.205
2.25,0.225
2.251,0.21
2.252,0.265
2.253,0.265
2.254,0.29
2.255,0.305
2.256,0.325
2.257,0.355
2.258,0.36
2.259,0.37
2.26,0.425
2.261,0.485
2.262,0.525
2.263,0.54
2.264,0.545
2.265,0.57
2.266,0.62
2.267,0.64
2.268,0.59
2.269,0.59
2.27,0.605
2.271,0.575
2.272,0.54
2.273,0.515
2.274,0.545
2.275,0.51
2.276,0.465
2.277,0.435
2.278,0.405
2.279,0.35
2.28,0.415
2.281,0.44
2.282,0.44
2.283,0.43
2.284,0.43
2.285,0.42
2.286,0.43
2.287,0.455
2.288,0.52
2.289,0.515
2.29,0.43
2.291,0.565
2.292,0.6
2.293,0.59
2.294,0.58
2.295,0.585
2.296,0.6
2.297,0.615
2.298,0.59
2.299,0.59
2.3,0.595
2.301,0.6
2.302,0.59
2.303,0.58
2.304,0.565
2.305,0.55
2.306,0.51
2.307,0.51
2.308,0.515
2.309,0.535
2.31,0.52
2.311,0.45
2.312,0.42
2.313,0.44
2.314,0.315
2.315,0.35
2.316,0.4
2.317,0.445
2.318,0.44
2.319,0.42
2.32,0.52
2.321,0.525
2.322,0.495
2.323,0.6
2.324,0.545
2.325,0.52
2.326,0.415
2.327,0.365
2.328,0.33
2.329,0.31
2.33,0.31
2.331,0.395
2.332,0.41
2.333,0.515
2.334,0.445
2.335,0.515
2.336,0.575
2.337,0.56
2.338,0.61
2.339,0.6
2.34,0.615
2.341,0.705
2.342,0.66
2.343,0.66
2.344,0.565
2.345,0.63
2.346,0.675
2.347,0.665
2.348,0.63
2.349,0.68
2.35,0.635
2.351,0.605
2.352,0.525
2.353,0.505
2.354,0.445
2.355,0.415
2.356,0.32
2.357,0.32
2.358,0.205
2.359,0.225
2.36,0.21
2.361,0.2
2.362,0.24
2.363,0.225
2.364,0.19
2.365,0.26
2.366,0.3
2.367,0.31
2.368,0.325
2.369,0.315
2.37,0.37
2.371,0.335
2.372,0.26
2.373,0.31
2.374,0.37
2.375,0.35
2.376,0.42
2.377,0.5
2.378,0.535
2.379,0.575
2.38,0.615
2.381,0.58
2.382,0.595
2.383,0.555
2.384,0.565
2.385,0.555
2.386,0.535
2.387,0.565
2.388,0.61
2.389,0.59
2.39,0.625
2.391,0.665
2.392,0.695
2.393,0.67
2.394,0.715
2.395,0.71
2.396,0.695
2.397,0.665
2.398,0.625
2.399,0.6
2.4,0.615
2.401,0.6
2.402,0.6
2.403,0.6
2.404,0.59
2.405,0.515
2.406,0.535
2.407,0.585
2.408,0.645
2.409,0.69
2.41,0.715
2.411,0.765
2.412,0.765
2.413,0.8
2.414,0.79
2.415,0.75
2.416,0.88
2.417,0.76
2.418,0.745
2.419,0.795
2.42,0.85
2.421,0.855
2.422,0.86
2.423,0.825
2.424,0.845
2.425,0.84
2.426,0.72
2.427,0.65
2.428,0.62
2.429,0.475
2.43,0.445
2.431,0.405
2.432,0.325
2.433,0.255
2.434,0.3
2.435,0.26
2.436,0.24
2.437,0.245
2.438,0.255
2.439,0.275
2.44,0.325
2.441,0.3
2.442,0.295
2.443,0.29
2.444,0.295
2.445,0.29
2.446,0.305
2.447,0.31
2.448,0.34
2.449,0.285
2.45,0.32
2.451,0.33
2.452,0.37
2.453,0.4
2.454,0.44
2.455,0.47
2.456,0.47
2.457,0.455
2.458,0.505
2.459,0.525
2.46,0.57
2.461,0.59
2.462,0.52
2.463,0.54
2.464,0.54
2.465,0.54
2.466,0.55
2.467,0.515
2.468,0.59
2.469,0.58
2.47,0.565
2.471,0.59
2.472,0.595
2.473,0.625
2.474,0.575
2.475,0.51
2.476,0.535
2.477,0.55
2.478,0.575
2.479,0.435
2.48,0.42
2.481,0.42
2.482,0.435
2.483,0.345
2.484,0.325
2.485,0.295
2.486,0.305
2.487,0.265
2.488,0.23
2.489,0.23
2.49,0.25
2.491,0.265
2.492,0.285
2.493,0.32
2.494,0.35
2.495,0.395
2.496,0.5
2.497,0.54
2.498,0.58
2.499,0.615
2.5,0.695
2.501,0.73
2.502,0.725
2.503,0.79
2.504,0.78
2.505,0.765
2.506,0.73
2.507,0.665
2.508,0.57
2.509,0.5
2.51,0.385
2.511,0.295
2.512,0.265
2.513,0.245
2.514,0.175
2.515,0.2
2.516,0.18
2.517,0.13
2.518,0.07
2.519,-0.02
2.52,-0.055
2.521,-0.035
2.522,0.125
2.523,0.19
2.524,0.235
2.525,0.135
2.526,0.15
2.527,0.15
2.528,0.19
2.529,0.17
2.53,0.25
2.531,0.235
2.532,0.235
2.533,0.285
2.534,0.32
2.535,0.33
2.536,0.315
2.537,0.355
2.538,0.47
2.539,0.55
2.54,0.63
2.541,0.655
2.542,0.68
2.543,0.73
2.544,0.69
2.545,0.69
2.546,0.755
2.547,0.805
2.548,0.795
2.549,0.8
2.55,0.76
2.551,0.81
2.552,0.81
2.553,0.78
2.554,0.77
2.555,0.715
2.556,0.695
2.557,0.67
2.558,0.68
2.559,0.63
2.56,0.625
2.561,0.61
2.562,0.575
2.563,0.585
2.564,0.58
2.565,0.61
2.566,0.655
2.567,0.675
2.568,0.645
2.569,0.695
2.57,0.715
2.571,0.7
2.572,0.7
2.573,0.765
2.574,0.805
2.575,0.84
2.576,0.855
2.577,0.835
2.578,0.825
2.579,0.8
2.58,0.795
2.581,0.83
2.582,0.79
2.583,0.775
2.584,0.795
2.585,0.77
2.586,0.765
2.587,0.77
2.588,0.7
2.589,0.695
2.59,0.675
2.591,0.68
2.592,0.63
2.593,0.63
2.594,0.585
2.595,0.565
2.596,0.57
2.597,0.555
2.598,0.525
2.599,0.51
2.6,0.52
2.601,0.43
2.602,0.435
2.603,0.44
2.604,0.435
2.605,0.445
2.606,0.47
2.607,0.51
2.608,0.51
2.609,0.515
2.61,0.565
2.611,0.6
2.612,0.615
2.613,0.615
2.614,0.61
2.615,0.615
2.616,0.55
2.617,0.545
2.618,0.605
2.619,0.625
2.62,0.65
2.621,0.65
2.622,0.59
2.623,0.58
2.624,0.595
2.625,0.61
2.626,0.6
2.627,0.59
2.628,0.59
2.629,0.595
2.63,0.585
2.631,0.535
2.632,0.585
2.633,0.56
2.634,0.54
2.635,0.48
2.636,0.475
2.637,0.37
2.638,0.43
2.639,0.475
2.64,0.465
2.641,0.53
2.642,0.55
2.643,0.555
2.644,0.47
2.645,0.415
2.646,0.385
2.647,0.43
2.648,0.44
2.649,0.46
2.65,0.56
2.651,0.55
2.652,0.59
2.653,0.64
2.654,0.68
2.655,0.695
2.656,0.76
2.657,0.755
2.658,0.745
2.659,0.83
2.66,0.83
2.661,0.835
2.662,0.84
2.663,0.86
2.664,0.85
2.665,0.905
2.666,0.88
2.667,0.86
2.668,0.82
2.669,0.865
2.67,0.855
2.671,0.84
2.672,0.86
2.673,0.865
2.674,0.84
2.675,0.835
2.676,0.815
2.677,0.835
2.678,0.775
2.679,0.765
2.68,0.76
2.681,0.78
2.682,0.75
2.683,0.735
2.684,0.78
2.685,0.7
2.686,0.66
2.687,0.635
2.688,0.605
2.689,0.59
2.69,0.6
2.691,0.58
2.692,0.57
2.693,0.575
2.694,0.7
2.695,0.655
2.696,0.685
2.697,0.725
2.698,0.73
2.699,0.695
2.7,0.71
2.701,0.695
2.702,0.7
2.703,0.655
2.704,0.615
2.705,0.595
2.706,0.53
2.707,0.515
2.708,0.47
2.709,0.47
2.71,0.535
2.711,0.345
2.712,0.37
2.713,0.425
2.714,0.45
2.715,0.465
2.716,0.5
2.717,0.51
2.718,0.485
2.719,0.495
2.72,0.545
2.721,0.595
2.722,0.635
2.723,0.64
2.724,0.63
2.725,0.57
2.726,0.64
2.727,0.605
2.728,0.595
2.729,0.585
2.73,0.57
2.731,0.595
2.732,0.58
2.733,0.55
2.734,0.535
2.735,0.54
2.736,0.54
2.737,0.52
2.738,0.505
2.739,0.495
2.74,0.515
2.741,0.575
2.742,0.605
2.743,0.64
2.744,0.665
2.745,0.71
2.746,0.71
2.747,0.72
2.748,0.74
2.749,0.775
2.75,0.775
2.751,0.76
2.752,0.74
2.753,0.755
2.754,0.765
2.755,0.775
2.756,0.765
2.757,0.755
2.758,0.735
2.759,0.715
2.76,0.745
2.761,0.67
2.762,0.695
2.763,0.68
2.764,0.655
2.765,0.635
2.766,0.64
2.767,0.6
2.768,0.595
2.769,0.58
2.77,0.6
2.771,0.58
2.772,0.58
2.773,0.68
2.774,0.705
2.775,0.73
2.776,0.72
2.777,0.755
2.778,0.8
2.779,0.79
2.78,0.815
2.781,0.875
2.782,0.895
2.783,0.885
2.784,0.86
2.785,0.865
2.786,0.88
2.787,0.86
2.788,0.885
2.789,0.9
2.79,0.865
2.791,0.83
2.792,0.865
2.793,0.875
2.794,0.89
2.795,0.825
2.796,0.73
2.797,0.755
2.798,0.725
2.799,0.715
2.8,0.695
2.801,0.715
2.802,0.71
2.803,0.66
2.804,0.66
2.805,0.66
2.806,0.705
2.807,0.73
2.808,0.72
2.809,0.705
2.81,0.715
2.811,0.705
2.812,0.775
2.813,0.795
2.814,0.815
2.815,0.83
2.816,0.86
2.817,0.84
2.818,0.88
2.819,0.88
2.82,0.9
2.821,0.91
2.822,0.895
2.823,0.91
2.824,0.94
2.825,0.89
2.826,0.905
2.827,0.905
2.828,0.92
2.829,0.96
2.83,0.965
2.831,1.015
2.832,1.03
2.833,1.07
2.834,1.01
2.835,1.01
2.836,1.015
2.837,0.985
2.838,0.975
2.839,0.97
2.84,1
2.841,0.94
2.842,0.905
2.843,0.865
2.844,0.855
2.845,0.86
2.846,0.85
2.847,0.815
2.848,0.78
2.849,0.74
2.85,0.74
2.851,0.745
2.852,0.775
2.853,0.755
2.854,0.765
2.855,0.72
2.856,0.705
2.857,0.705
2.858,0.74
2.859,0.725
2.86,0.755
2.861,0.795
2.862,0.82
2.863,0.84
2.864,0.83
2.865,0.82
2.866,0.85
2.867,0.855
2.868,0.845
2.869,0.86
2.87,0.87
2.871,0.865
2.872,0.87
2.873,0.925
2.874,0.885
2.875,0.86
2.876,0.855
2.877,0.825
2.878,0.78
2.879,0.74
2.88,0.725
2.881,0.71
2.882,0.715
2.883,0.71
2.884,0.715
2.885,0.725
2.886,0.715
2.887,0.765
2.888,0.79
2.889,0.83
2.89,0.8
2.891,0.795
2.892,0.795
2.893,0.825
2.894,0.805
2.895,0.82
2.896,0.805
2.897,0.835
2.898,0.83
2.899,0.82
2.9,0.795
2.901,0.83
2.902,0.905
2.903,0.92
2.904,0.88
2.905,0.84
2.906,0.835
2.907,0.79
2.908,0.765
2.909,0.77
2.91,0.775
2.911,0.78
2.912,0.73
2.913,0.735
2.914,0.705
2.915,0.66
2.916,0.64
2.917,0.64
2.918,0.615
2.919,0.62
2.92,0.63
2.921,0.655
2.922,0.64
2.923,0.61
2.924,0.585
2.925,0.545
2.926,0.54
2.927,0.545
2.928,0.54
2.929,0.565
2.93,0.61
2.931,0.645
2.932,0.67
2.933,0.725
2.934,0.785
2.935,0.83
2.936,0.88
2.937,0.875
2.938,0.89
2.939,0.91
2.94,0.94
2.941,0.99
2.942,1.01
2.943,1.005
2.944,1.005
2.945,1
2.946,1.01
2.947,0.985
2.948,0.985
2.949,0.945
2.95,0.95
2.951,0.965
2.952,0.98
2.953,1
2.954,0.98
2.955,0.96
2.956,0.97
2.957,0.895
2.958,0.9
2.959,0.93
2.96,0.89
2.961,0.88
2.962,0.915
2.963,0.915
2.964,0.925
2.965,0.91
2.966,0.91
2.967,0.87
2.968,0.865
2.969,0.86
2.97,0.83
2.971,0.8
2.972,0.79
2.973,0.81
2.974,0.745
2.975,0.675
2.976,0.7
2.977,0.68
2.978,0.66
2.979,0.615
2.98,0.61
2.981,0.61
2.982,0.61
2.983,0.58
2.984,0.605
2.985,0.63
2.986,0.675
2.987,0.64
2.988,0.625
2.989,0.625
2.99,0.64
2.991,0.63
2.992,0.665
2.993,0.72
2.994,0.725
2.995,0.77
2.996,0.78
2.997,0.785
2.998,0.805
2.999,0.8
3,0.81
3.001,0.765
3.002,0.64
3.003,0.695
3.004,0.685
3.005,0.64
3.006,0.615
3.007,0.635
3.008,0.565
3.009,0.55
3.01,0.56
3.011,0.54
3.012,0.55
3.013,0.595
3.014,0.57
3.015,0.565
3.016,0.57
3.017,0.585
3.018,0.58
3.019,0.59
3.02,0.605
3.021,0.625
3.022,0.605
3.023,0.61
3.024,0.595
3.025,0.595
3.026,0.605
3.027,0.625
3.028,0.645
3.029,0.665
3.03,0.7
3.031,0.71
3.032,0.725
3.033,0.74
3.034,0.745
3.035,0.74
3.036,0.74
3.037,0.71
3.038,0.685
3.039,0.695
3.04,0.68
3.041,0.705
3.042,0.685
3.043,0.69
3.044,0.745
3.045,0.695
3.046,0.72
3.047,0.71
3.048,0.715
3.049,0.72
3.05,0.76
3.051,0.755
3.052,0.775
3.053,0.815
3.054,0.81
3.055,0.815
3.056,0.84
3.057,0.885
3.058,0.87
3.059,0.875
3.06,0.875
3.061,0.875
3.062,0.885
3.063,0.91
3.064,0.94
3.065,1.005
3.066,0.945
3.067,0.915
3.068,0.885
3.069,0.915
3.07,0.915
3.071,0.965
3.072,0.96
3.073,1.005
3.074,1.025
3.075,1.05
3.076,1.06
3.077,1.09
3.078,1.105
3.079,1.105
3.08,1.09
3.081,1.15
3.082,1.11
3.083,1.09
3.084,1.07
3.085,1.065
3.086,1.05
3.087,1.005
3.088,1.035
3.089,1.025
3.09,1.05
3.091,1.065
3.092,1.115
3.093,1.135
3.094,1.13
3.095,1.125
3.096,1.125
3.097,1.12
3.098,1.12
3.099,1.115
3.1,1.125
3.101,1.115
3.102,1.12
3.103,1.13
3.104,1.14
3.105,1.095
3.106,1.09
3.107,1.095
3.108,1.075
3.109,1.075
3.11,1.08
3.111,1.08
3.112,1.075
3.113,1.09
3.114,1.07
3.115,1.07
3.116,1.035
3.117,1.02
3.118,0.96
3.119,0.99
3.12,0.965
3.121,0.95
3.122,0.94
3.123,0.975
3.124,0.925
3.125,0.905
3.126,0.945
3.127,0.945
3.128,0.925
3.129,0.905
3.13,0.955
3.131,0.95
3.132,0.92
3.133,0.92
3.134,0.89
3.135,0.86
3.136,0.8
3.137,0.765
3.138,0.73
3.139,0.735
3.14,0.71
3.141,0.705
3.142,0.695
3.143,0.77
3.144,0.82
3.145,0.87
3.146,0.945
3.147,0.935
3.148,0.97
3.149,1.005
3.15,1.005
3.151,1.06
3.152,1.075
3.153,1.085
3.154,1.085
3.155,1.13
3.156,1.12
3.157,1.095
3.158,1.135
3.159,1.09
3.16,1.03
3.161,1.025
3.162,0.995
3.163,0.99
3.164,0.985
3.165,0.975
3.166,0.975
3.167,0.965
3.168,0.945
3.169,0.925
3.17,0.885
3.171,0.88
3.172,0.865
3.173,0.885
3.174,0.89
3.175,0.87
3.176,0.855
3.177,0.85
3.178,0.86
3.179,0.85
3.18,0.83
3.181,0.845
3.182,0.85
3.183,0.875
3.184,0.9
3.185,0.925
3.186,0.915
3.187,0.925
3.188,0.94
3.189,0.94
3.19,1.005
3.191,0.93
3.192,0.965
3.193,1
3.194,1.05
3.195,1.07
3.196,1.04
3.197,1.02
3.198,1.025
3.199,1.04
3.2,1.045
3.201,1.035
3.202,0.995
3.203,1.025
3.204,1.03
3.205,1.005
3.206,1
3.207,1.01
3.208,1.025
3.209,1.03
3.21,0.985
3.211,0.965
3.212,0.965
3.213,0.96
3.214,0.935
3.215,0.905
3.216,0.925
3.217,0.91
3.218,0.9
3.219,0.915
3.22,0.94
3.221,0.925
3.222,0.905
3.223,0.88
3.224,0.88
3.225,0.915
3.226,0.96
3.227,0.955
3.228,0.915
3.229,0.935
3.23,0.975
3.231,0.925
3.232,0.93
3.233,0.9
3.234,0.885
3.235,0.89
3.236,0.88
3.237,0.86
3.238,0.865
3.239,0.87
3.24,0.915
3.241,0.9
3.242,0.875
3.243,0.9
3.244,0.905
3.245,0.88
3.246,0.855
3.247,0.87
3.248,0.895
3.249,0.915
3.25,0.915
3.251,0.885
3.252,0.88
3.253,0.89
3.254,0.9
3.255,0.99
3.256,1.05
3.257,1.105
3.258,1.065
3.259,1.015
3.26,1.03
3.261,1.045
3.262,1.045
3.263,1.06
3.264,1.065
3.265,1.035
3.266,1.01
3.267,1.005
3.268,1
3.269,0.99
3.27,0.975
3.271,0.94
3.272,0.965
3.273,0.97
3.274,0.975
3.275,0.99
3.276,1.015
3.277,1.01
3.278,0.945
3.279,0.96
3.28,1.05
3.281,0.96
3.282,0.96
3.283,0.905
3.284,0.85
3.285,0.83
3.286,0.8
3.287,0.745
3.288,0.685
3.289,0.665
3.29,0.655
3.291,0.645
3.292,0.625
3.293,0.615
3.294,0.65
3.295,0.665
3.296,0.665
3.297,0.64
3.298,0.62
3.299,0.64
3.3,0.66
3.301,0.665
3.302,0.625
3.303,0.675
3.304,0.715
3.305,0.69
3.306,0.675
3.307,0.65
3.308,0.62
3.309,0.605
3.31,0.61
3.311,0.645
3.312,0.75
3.313,0.735
3.314,0.79
3.315,0.81
3.316,0.835
3.317,0.855
3.318,0.87
3.319,0.87
3.32,0.94
3.321,0.915
3.322,0.895
3.323,0.89
3.324,0.875
3.325,0.845
3.326,0.845
3.327,0.84
3.328,0.83
3.329,0.835
3.33,0.805
3.331,0.825
3.332,0.825
3.333,0.89
3.334,0.925
3.335,0.92
3.336,0.87
3.337,0.865
3.338,0.86
3.339,0.83
3.34,0.895
3.341,0.865
3.342,0.845
3.343,0.87
3.344,0.86
3.345,0.85
3.346,0.86
3.347,0.87
3.348,0.905
3.349,0.905
3.35,0.91
3.351,0.93
3.352,1.11
3.353,1.11
3.354,1.12
3.355,1.135
3.356,1.175
3.357,1.135
3.358,1.16
3.359,1.155
3.36,1.155
3.361,1.205
3.362,1.17
3.363,1.165
3.364,1.135
3.365,1.22
3.366,1.12
3.367,1.065
3.368,1.085
3.369,1.055
3.37,1.025
3.371,1.045
3.372,0.98
3.373,1.02
3.374,1.005
3.375,0.975
3.376,0.965
3.377,0.935
3.378,0.945
3.379,0.97
3.38,1.03
3.381,0.99
3.382,0.99
3.383,1.045
3.384,1.03
3.385,1.035
3.386,1.025
3.387,1.065
3.388,1.11
3.389,1.105
3.39,1.11
3.391,1.105
3.392,1.095
3.393,1.09
3.394,1.155
3.395,1.08
3.396,1.055
3.397,1.06
3.398,1.045
3.399,1.055
3.4,1.08
3.401,1.09
3.402,1.06
3.403,1.035
3.404,1.05
3.405,1.085
3.406,1.155
3.407,1.17
3.408,1.18
3.409,1.18
3.41,1.185
3.411,1.205
3.412,1.225
3.413,1.21
3.414,1.215
3.415,1.195
3.416,1.25
3.417,1.215
3.418,1.25
3.419,1.17
3.42,1.12
3.421,1.175
3.422,1.115
3.423,1.08
3.424,1.065
3.425,1.07
3.426,1.075
3.427,1.065
3.428,1.035
3.429,1.035
3.43,1.035
3.431,1.025
3.432,1.105
3.433,1.11
3.434,1.145
3.435,1.06
3.436,1.095
3.437,1.11
3.438,1.11
3.439,1.145
3.44,1.19
3.441,1.1
3.442,1.105
3.443,1.08
3.444,1.045
3.445,1.12
3.446,1.125
3.447,1.14
3.448,1.175
3.449,1.185
3.45,1.15
3.451,1.15
3.452,1.145
3.453,1.135
3.454,1.14
3.455,1.14
3.456,1.155
3.457,1.175
3.458,1.19
3.459,1.225
3.46,1.19
3.461,1.16
3.462,1.145
3.463,1.12
3.464,1.1
3.465,1.05
3.466,1.035
3.467,0.915
3.468,1.03
3.469,1.055
3.47,1.05
3.471,1.09
3.472,1.11
3.473,1.15
3.474,1.145
3.475,1.18
3.476,1.265
3.477,1.29
3.478,1.33
3.479,1.26
3.48,1.33
3.481,1.325
3.482,1.32
3.483,1.325
3.484,1.33
3.485,1.33
3.486,1.33
3.487,1.36
3.488,1.35
3.489,1.37
3.49,1.37
3.491,1.42
3.492,1.415
3.493,1.415
3.494,1.41
3.495,1.41
3.496,1.415
3.497,1.415
3.498,1.4
3.499,1.395
3.5,1.32
3.501,1.4
3.502,1.385
3.503,1.365
3.504,1.36
3.505,1.345
3.506,1.335
3.507,1.315
3.508,1.285
3.509,1.26
3.51,1.245
3.511,1.215
3.512,1.11
3.513,1.105
3.514,1.11
3.515,1.115
3.516,1.115
3.517,1.1
3.518,1.09
3.519,1.145
3.52,1.165
3.521,1.175
3.522,1.18
3.523,1.185
3.524,1.2
3.525,1.235
3.526,1.245
3.527,1.225
3.528,1.25
3.529,1.31
3.53,1.25
3.531,1.24
3.532,1.235
3.533,1.215
3.534,1.21
3.535,1.2
3.536,1.22
3.537,1.145
3.538,1.165
3.539,1.14
3.54,1.11
3.541,1.135
3.542,1.145
3.543,1.15
3.544,1.175
3.545,1.22
3.546,1.195
3.547,1.195
3.548,1.205
3.549,1.2
3.55,1.205
3.551,1.225
3.552,1.215
3.553,1.23
3.554,1.225
3.555,1.205
3.556,1.24
3.557,1.225
3.558,1.28
3.559,1.16
3.56,1.17
3.561,1.15
3.562,1.185
3.563,1.15
3.564,1.16
3.565,1.175
3.566,1.145
3.567,1.18
3.568,1.205
3.569,1.18
3.57,1.19
3.571,1.23
3.572,1.235
3.573,1.215
3.574,1.215
3.575,1.205
3.576,1.17
3.577,1.14
3.578,1.125
3.579,1.11
3.58,1.1
3.581,1.09
3.582,1.09
3.583,1.11
3.584,1.155
3.585,1.185
3.586,1.145
3.587,1.185
3.588,1.24
3.589,1.285
3.59,1.295
3.591,1.29
3.592,1.32
3.593,1.28
3.594,1.29
3.595,1.305
3.596,1.265
3.597,1.285
3.598,1.305
3.599,1.35
3.6,1.36
3.601,1.4
3.602,1.41
3.603,1.405
3.604,1.445
3.605,1.45
3.606,1.45
3.607,1.43
3.608,1.425
3.609,1.42
3.61,1.415
3.611,1.405
3.612,1.39
3.613,1.405
3.614,1.305
3.615,1.355
3.616,1.19
3.617,1.36
3.618,1.355
3.619,1.37
3.62,1.395
3.621,1.355
3.622,1.335
3.623,1.35
3.624,1.38
3.625,1.4
3.626,1.42
3.627,1.405
3.628,1.375
3.629,1.355
3.63,1.345
3.631,1.33
3.632,1.325
3.633,1.325
3.634,1.315
3.635,1.32
3.636,1.255
3.637,1.285
3.638,1.305
3.639,1.295
3.64,1.285
3.641,1.25
3.642,1.24
3.643,1.275
3.644,1.31
3.645,1.32
3.646,1.355
3.647,1.345
3.648,1.34
3.649,1.345
3.65,1.33
3.651,1.37
3.652,1.37
3.653,1.36
3.654,1.345
3.655,1.33
3.656,1.31
3.657,1.31
3.658,1.315
3.659,1.155
3.66,1.3
3.661,1.31
3.662,1.325
3.663,1.335
3.664,1.325
3.665,1.33
3.666,1.345
3.667,1.265
3.668,1.335
3.669,1.415
3.67,1.295
3.671,1.295
3.672,1.265
3.673,1.23
3.674,1.215
3.675,1.22
3.676,1.25
3.677,1.265
3.678,1.26
3.679,1.26
3.68,1.285
3.681,1.275
3.682,1.375
3.683,1.39
3.684,1.39
3.685,1.385
3.686,1.385
3.687,1.37
3.688,1.38
3.689,1.38
3.69,1.38
3.691,1.38
3.692,1.36
3.693,1.38
3.694,1.325
3.695,1.34
3.696,1.31
3.697,1.295
3.698,1.285
3.699,1.275
3.7,1.25
3.701,1.225
3.702,1.12
3.703,1.19
3.704,1.185
3.705,1.185
3.706,1.19
3.707,1.19
3.708,1.18
3.709,1.17
3.71,1.2
3.711,1.18
3.712,1.23
3.713,1.19
3.714,1.19
3.715,1.195
3.716,1.195
3.717,1.26
3.718,1.275
3.719,1.31
3.72,1.26
3.721,1.35
3.722,1.36
3.723,1.36
3.724,1.37
3.725,1.415
3.726,1.35
3.727,1.355
3.728,1.35
3.729,1.335
3.73,1.32
3.731,1.305
3.732,1.255
3.733,1.305
3.734,1.29
3.735,1.3
3.736,1.325
3.737,1.315
3.738,1.31
3.739,1.32
3.74,1.29
3.741,1.35
3.742,1.365
3.743,1.37
3.744,1.365
3.745,1.45
3.746,1.35
3.747,1.365
3.748,1.38
3.749,1.395
3.75,1.325
3.751,1.35
3.752,1.215
3.753,1.365
3.754,1.375
3.755,1.38
3.756,1.43
3.757,1.39
3.758,1.38
3.759,1.39
3.76,1.46
3.761,1.44
3.762,1.435
3.763,1.475
3.764,1.495
3.765,1.5
3.766,1.495
3.767,1.49
3.768,1.485
3.769,1.465
3.77,1.515
3.771,1.51
3.772,1.435
3.773,1.49
3.774,1.49
3.775,1.485
3.776,1.48
3.777,1.465
3.778,1.445
3.779,1.425
3.78,1.405
3.781,1.385
3.782,1.36
3.783,1.345
3.784,1.345
3.785,1.365
3.786,1.37
3.787,1.365
3.788,1.355
3.789,1.35
3.79,1.35
3.791,1.375
3.792,1.375
3.793,1.38
3.794,1.385
3.795,1.39
3.796,1.395
3.797,1.41
3.798,1.515
3.799,1.385
3.8,1.38
3.801,1.37
3.802,1.365
3.803,1.355
3.804,1.35
3.805,1.39
3.806,1.38
3.807,1.385
3.808,1.39
3.809,1.375
3.81,1.34
3.811,1.38
3.812,1.39
3.813,1.42
3.814,1.385
3.815,1.375
3.816,1.32
3.817,1.36
3.818,1.33
3.819,1.35
3.82,1.35
3.821,1.38
3.822,1.385
3.823,1.36
3.824,1.345
3.825,1.355
3.826,1.4
3.827,1.395
3.828,1.39
3.829,1.38
3.83,1.39
3.831,1.405
3.832,1.39
3.833,1.45
3.834,1.375
3.835,1.38
3.836,1.375
3.837,1.42
3.838,1.395
3.839,1.39
3.84,1.375
3.841,1.415
3.842,1.455
3.843,1.465
3.844,1.48
3.845,1.5
3.846,1.49
3.847,1.5
3.848,1.49
3.849,1.485
3.85,1.45
3.851,1.465
3.852,1.455
3.853,1.49
3.854,1.525
3.855,1.54
3.856,1.555
3.857,1.565
3.858,1.575
3.859,1.545
3.86,1.505
3.861,1.55
3.862,1.53
3.863,1.495
3.864,1.49
3.865,1.47
3.866,1.455
3.867,1.465
3.868,1.37
3.869,1.415
3.87,1.4
3.871,1.375
3.872,1.36
3.873,1.365
3.874,1.37
3.875,1.38
3.876,1.395
3.877,1.4
3.878,1.385
3.879,1.42
3.88,1.425
3.881,1.44
3.882,1.45
3.883,1.475
3.884,1.495
3.885,1.53
3.886,1.555
3.887,1.57
3.888,1.59
3.889,1.595
3.89,1.605
3.891,1.59
3.892,1.52
3.893,1.52
3.894,1.52
3.895,1.485
3.896,1.455
3.897,1.575
3.898,1.485
3.899,1.495
3.9,1.495
3.901,1.525
3.902,1.525
3.903,1.52
3.904,1.52
3.905,1.47
3.906,1.465
3.907,1.455
3.908,1.44
3.909,1.43
3.91,1.405
3.911,1.415
3.912,1.395
3.913,1.39
3.914,1.475
3.915,1.455
3.916,1.375
3.917,1.35
3.918,1.415
3.919,1.305
3.92,1.265
3.921,1.275
3.922,1.285
3.923,1.295
3.924,1.3
3.925,1.33
3.926,1.325
3.927,1.4
3.928,1.495
3.929,1.495
3.93,1.49
3.931,1.38
3.932,1.5
3.933,1.5
3.934,1.51
3.935,1.59
3.936,1.595
3.937,1.615
3.938,1.62
3.939,1.605
3.94,1.585
3.941,1.585
3.942,1.59
3.943,1.595
3.944,1.605
3.945,1.605
3.946,1.625
3.947,1.62
3.948,1.625
3.949,1.625
3.95,1.505
3.951,1.405
3.952,1.535
3.953,1.535
3.954,1.525
3.955,1.525
3.956,1.53
3.957,1.55
3.958,1.555
3.959,1.54
3.96,1.48
3.961,1.555
3.962,1.535
3.963,1.525
3.964,1.51
3.965,1.5
3.966,1.49
3.967,1.48
3.968,1.47
3.969,1.465
3.97,1.455
3.971,1.44
3.972,1.43
3.973,1.32
3.974,1.28
3.975,1.385
3.976,1.385
3.977,1.385
3.978,1.38
3.979,1.4
3.98,1.39
3.981,1.375
3.982,1
3.983,1
3.984,0.895
3.985,1.045
3.986,1.075
3.987,1.075
3.988,1.13
3.989,1.15
3.99,1.205
3.991,1.24
3.992,1.27
3.993,1.295
3.994,1.315
3.995,1.34
3.996,1.37
3.997,1.405
3.998,1.395
3.999,1.425
4,1.485
4.001,1.46
4.002,1.63
4.003,1.46
4.004,1.53
4.005,1.305
4.006,1.35
4.007,1.335
4.008,1.3
4.009,1.29
4.01,1.29
4.011,1.285
4.012,1.34
4.013,1.32
4.014,1.345
4.015,1.38
4.016,1.27
4.017,1.355
4.018,1.37
4.019,1.43
4.02,1.445
4.021,1.485
4.022,1.495
4.023,1.685
4.024,1.725
4.025,1.705
4.026,1.715
4.027,1.575
4.028,1.575
4.029,1.545
4.03,1.505
4.031,1.505
4.032,1.5
4.033,1.46
4.034,1.44
4.035,1.42
4.036,1.4
4.037,1.285
4.038,1.37
4.039,1.305
4.04,1.37
4.041,1.3
4.042,1.265
4.043,1.265
4.044,1.29
4.045,1.255
4.046,1.37
4.047,1.255
4.048,1.26
4.049,1.3
4.05,1.35
4.051,1.205
4.052,1.43
4.053,1.455
4.054,1.49
4.055,1.515
4.056,1.535
4.057,1.56
4.058,1.57
4.059,1.65
4.06,1.57
4.061,1.625
4.062,1.6
4.063,1.575
4.064,1.555
4.065,1.55
4.066,1.565
4.067,1.535
4.068,1.525
4.069,1.52
4.07,1.505
4.071,1.49
4.072,1.5
4.073,1.525
4.074,1.445
4.075,1.495
4.076,1.365
4.077,1.535
4.078,1.515
4.079,1.56
4.08,1.55
4.081,1.515
4.082,1.5
4.083,1.475
4.084,1.545
4.085,1.43
4.086,1.46
4.087,1.455
4.088,1.43
4.089,1.45
4.09,1.4
4.091,1.455
4.092,1.45
4.093,1.45
4.094,1.44
4.095,1.43
4.096,1.41
4.097,1.405
4.098,1.405
4.099,1.43
4.1,1.45
4.101,1.47
4.102,1.5
4.103,1.43
4.104,1.44
4.105,1.55
4.106,1.455
4.107,1.455
4.108,1.36
4.109,1.355
4.11,1.33
4.111,1.455
4.112,1.5
4.113,1.475
4.114,1.44
4.115,1.42
4.116,1.38
4.117,1.21
4.118,1.2
4.119,1.15
4.12,1.29
4.121,1.26
4.122,1.26
4.123,1.275
4.124,1.285
4.125,1.285
4.126,1.225
4.127,1.225
4.128,1.22
4.129,1.235
4.13,1.235
4.131,1.335
4.132,1.375
4.133,1.33
4.134,1.33
4.135,1.355
4.136,1.365
4.137,1.37
4.138,1.35
4.139,1.365
4.14,1.3
4.141,1.36
4.142,1.365
4.143,1.43
4.144,1.385
4.145,1.4
4.146,1.41
4.147,1.41
4.148,1.42
4.149,1.42
4.15,1.42
4.151,1.42
4.152,1.415
4.153,1.42
4.154,1.425
4.155,1.425
4.156,1.36
4.157,1.37
4.158,1.355
4.159,1.39
4.16,1.395
4.161,1.305
4.162,1.32
4.163,1.315
4.164,1.31
4.165,1.3
4.166,1.42
4.167,1.42
4.168,1.46
4.169,1.5
4.17,1.54
4.171,1.555
4.172,1.615
4.173,1.555
4.174,1.555
4.175,1.475
4.176,1.52
4.177,1.47
4.178,1.345
4.179,1.42
4.18,1.515
4.181,1.53
4.182,1.55
4.183,1.575
4.184,1.6
4.185,1.59
4.186,1.575
4.187,1.55
4.188,1.51
4.189,1.465
4.19,1.42
4.191,1.375
4.192,1.32
4.193,1.265
4.194,1.2
4.195,1.15
4.196,1.12
4.197,1.09
4.198,1.07
4.199,1.055
4.2,1.315
4.201,1.285
4.202,1.275
4.203,1.255
4.204,1.25
4.205,1.4
4.206,1.28
4.207,1.275
4.208,1.355
4.209,1.315
4.21,1.35
4.211,1.32
4.212,1.32
4.213,1.32
4.214,1.415
4.215,1.39
4.216,1.385
4.217,1.39
4.218,1.35
4.219,1.355
4.22,1.365
4.221,1.375
4.222,1.385
4.223,1.475
4.224,1.48
4.225,1.485
4.226,1.45
4.227,1.45
4.228,1.45
4.229,1.535
4.23,1.51
4.231,1.525
4.232,1.52
4.233,1.52
4.234,1.525
4.235,1.44
4.236,1.43
4.237,1.51
4.238,1.48
4.239,1.5
4.24,1.52
4.241,1.535
4.242,1.53
4.243,1.545
4.244,1.495
4.245,1.42
4.246,1.47
4.247,1.46
4.248,1.45
4.249,1.435
4.25,1.44
4.251,1.405
4.252,1.39
4.253,1.375
4.254,1.3
4.255,1.36
4.256,1.435
4.257,1.54
4.258,1.445
4.259,1.435
4.26,1.385
4.261,1.415
4.262,1.4
4.263,1.445
4.264,1.485
4.265,1.525
4.266,1.57
4.267,1.545
4.268,1.54
4.269,1.515
4.27,1.54
4.271,1.495
4.272,1.5
4.273,1.495
4.274,1.49
4.275,1.5
4.276,1.51
4.277,1.525
4.278,1.54
4.279,1.515
4.28,1.605
4.281,1.61
4.282,1.615
4.283,1.61
4.284,1.55
4.285,1.54
4.286,1.455
4.287,1.47
4.288,1.525
4.289,1.52
4.29,1.6
4.291,1.52
4.292,1.52
4.293,1.52
4.294,1.57
4.295,1.51
4.296,1.61
4.297,1.63
4.298,1.65
4.299,1.57
4.3,1.675
4.301,1.495
4.302,1.61
4.303,1.575
4.304,1.555
4.305,1.535
4.306,1.54
4.307,1.55
4.308,1.555
4.309,1.56
4.31,1.56
4.311,1.555
4.312,1.53
4.313,1.46
4.314,1.42
4.315,1.47
4.316,1.4
4.317,1.445
4.318,1.46
4.319,1.5
4.32,1.445
4.321,1.42
4.322,1.325
4.323,1.325
4.324,1.32
4.325,1.32
4.326,1.315
4.327,1.305
4.328,1.275
4.329,1.255
4.33,1.26
4.331,1.265
4.332,1.27
4.333,1.375
4.334,1.28
4.335,1.325
4.336,1.275
4.337,1.27
4.338,1.155
4.339,1.295
4.34,1.205
4.341,1.235
4.342,1.245
4.343,1.21
4.344,1.075
4.345,1.19
4.346,1.19
4.347,1.2
4.348,1.22
4.349,1.24
4.35,1.27
4.351,1.29
4.352,1.315
4.353,1.35
4.354,1.34
4.355,1.325
4.356,1.485
4.357,1.355
4.358,1.395
4.359,1.43
4.36,1.355
4.361,1.34
4.362,1.37
4.363,1.375
4.364,1.365
4.365,1.32
4.366,1.345
4.367,1.32
4.368,1.31
4.369,1.305
4.37,1.295
4.371,1.29
4.372,1.305
4.373,1.33
4.374,1.35
4.375,1.295
4.376,1.29
4.377,1.295
4.378,1.32
4.379,1.335
4.38,1.455
4.381,1.48
4.382,1.48
4.383,1.47
4.384,1.47
4.385,1.47
4.386,1.465
4.387,1.475
4.388,1.47
4.389,1.46
4.39,1.45
4.391,1.505
4.392,1.5
4.393,1.385
4.394,1.425
4.395,1.435
4.396,1.415
4.397,1.395
4.398,1.395
4.399,1.395
4.4,1.38
4.401,1.53
4.402,1.295
4.403,1.265
4.404,1.305
4.405,1.24
4.406,1.21
4.407,1.18
4.408,1.24
4.409,1.22
4.41,1.195
4.411,1.285
4.412,1.18
4.413,1.17
4.414,1.155
4.415,1.15
4.416,1.145
4.417,1.125
4.418,1.13
4.419,1.135
4.42,1.195
4.421,1.165
4.422,1.17
4.423,1.185
4.424,1.32
4.425,1.385
4.426,1.22
4.427,1.235
4.428,1.27
4.429,1.28
4.43,1.285
4.431,1.235
4.432,1.29
4.433,1.295
4.434,1.28
4.435,1.31
4.436,1.31
4.437,1.305
4.438,1.3
4.439,1.33
4.44,1.275
4.441,1.345
4.442,1.34
4.443,1.275
4.444,1.34
4.445,1.345
4.446,1.535
4.447,1.34
4.448,1.305
4.449,1.315
4.45,1.225
4.451,1.265
4.452,1.235
4.453,1.25
4.454,1.25
4.455,1.245
4.456,1.245
4.457,1.19
4.458,1.135
4.459,1.075
4.46,1.05
4.461,1.065
4.462,1.06
4.463,1.09
4.464,1.115
4.465,1.15
4.466,1.165
4.467,1.175
4.468,1.185
4.469,1.4
4.47,1.22
4.471,1.365
4.472,1.385
4.473,1.415
4.474,1.45
4.475,1.485
4.476,1.48
4.477,1.48
4.478,1.475
4.479,1.505
4.48,1.43
4.481,1.455
4.482,1.415
4.483,1.425
4.484,1.41
4.485,1.4
4.486,1.39
4.487,1.385
4.488,1.37
4.489,1.37
4.49,1.35
4.491,1.28
4.492,1.32
4.493,1.15
4.494,1.29
4.495,1.275
4.496,1.255
4.497,1.225
4.498,1.2
4.499,1.18
4.5,1.185
4.501,1.155
4.502,1.19
4.503,1.185
4.504,1.18
4.505,1.185
4.506,1.195
4.507,1.2
4.508,1.495
4.509,1.29
4.51,1.205
4.511,1.115
4.512,1.385
4.513,1.1
4.514,1.08
4.515,0.95
4.516,1.05
4.517,1.04
4.518,1.04
4.519,1.045
4.52,1.05
4.521,1.05
4.522,0.99
4.523,1.025
4.524,1.045
4.525,1.045
4.526,1.045
4.527,1.04
4.528,0.945
4.529,0.955
4.53,0.935
4.531,0.95
4.532,0.94
4.533,0.965
4.534,1.265
4.535,1.01
4.536,1.035
4.537,1.035
4.538,1.065
4.539,1.055
4.54,1.145
4.541,1.165
4.542,1.175
4.543,1.2
4.544,1.24
4.545,1.235
4.546,1.285
4.547,1.335
4.548,1.335
4.549,1.365
4.55,1.39
4.551,1.405
4.552,1.415
4.553,1.425
4.554,1.425
4.555,1.425
4.556,1.42
4.557,1.51
4.558,1.395
4.559,1.36
4.56,1.345
4.561,1.41
4.562,1.38
4.563,1.315
4.564,1.385
4.565,1.335
4.566,1.46
4.567,1.46
4.568,1.47
4.569,1.455
4.57,1.46
4.571,1.46
4.572,1.455
4.573,1.45
4.574,1.53
4.575,1.43
4.576,1.37
4.577,1.4
4.578,1.39
4.579,1.61
4.58,1.375
4.581,1.42
4.582,1.43
4.583,1.445
4.584,1.44
4.585,1.42
4.586,1.43
4.587,1.365
4.588,1.32
4.589,1.275
4.59,1.36
4.591,1.415
4.592,1.385
4.593,1.26
4.594,1.345
4.595,1.315
4.596,1.23
4.597,1.21
4.598,1.185
4.599,1.205
4.6,1.18
4.601,1.255
4.602,1.48
4.603,1.42
4.604,1.425
4.605,1.445
4.606,1.455
4.607,1.37
4.608,1.355
4.609,1.34
4.61,1.325
4.611,1.315
4.612,1.3
4.613,1.295
4.614,1.335
4.615,1.21
4.616,1.205
4.617,1.19
4.618,1.175
4.619,1.145
4.62,1.115
4.621,1.165
4.622,1.13
4.623,1.205
4.624,1.47
4.625,1.36
4.626,1.305
4.627,1.335
4.628,1.365
4.629,1.26
4.63,1.435
4.631,1.435
4.632,1.455
4.633,1.46
4.634,1.445
4.635,1.43
4.636,1.41
4.637,1.395
4.638,1.38
4.639,1.365
4.64,1.33
4.641,1.35
4.642,1.4
4.643,1.385
4.644,1.375
4.645,1.425
4.646,1.395
4.647,1.62
4.648,1.38
4.649,1.44
4.65,1.44
4.651,1.435
4.652,1.445
4.653,1.43
4.654,1.46
4.655,1.42
4.656,1.4
4.657,1.385
4.658,1.315
4.659,1.31
4.66,1.29
4.661,1.125
4.662,1.23
4.663,1.195
4.664,1.18
4.665,1.165
4.666,1.165
4.667,1.18
4.668,1.21
4.669,1.235
4.67,1.325
4.671,1.29
4.672,1.29
4.673,1.31
4.674,1.465
4.675,1.305
4.676,1.295
4.677,1.37
4.678,1.27
4.679,1.275
4.68,1.275
4.681,1.28
4.682,1.28
4.683,1.26
4.684,1.3
4.685,1.345
4.686,1.39
4.687,1.44
4.688,1.505
4.689,1.49
4.69,1.59
4.691,1.42
4.692,1.365
4.693,1.33
4.694,1.285
4.695,1.23
4.696,1.19
4.697,1.145
4.698,1.005
4.699,1.14
4.7,1.145
4.701,1.175
4.702,1.24
4.703,1.22
4.704,1.23
4.705,1.25
4.706,1.245
4.707,1.26
4.708,1.27
4.709,1.28
4.71,1.29
4.711,1.28
4.712,1.375
4.713,1.275
4.714,1.27
4.715,1.275
4.716,1.135
4.717,1.135
4.718,1.135
4.719,1.15
4.72,1.225
4.721,1.245
4.722,1.255
4.723,1.3
4.724,1.34
4.725,1.35
4.726,1.355
4.727,1.385
4.728,1.375
4.729,1.41
4.73,1.445
4.731,1.43
4.732,1.435
4.733,1.4
4.734,1.37
4.735,1.43
4.736,1.31
4.737,1.28
4.738,1.265
4.739,1.49
4.74,1.315
4.741,1.275
4.742,1.375
4.743,1.305
4.744,1.325
4.745,1.355
4.746,1.39
4.747,1.42
4.748,1.445
4.749,1.39
4.75,1.34
4.751,1.24
4.752,1.235
4.753,1.22
4.754,1.205
4.755,1.15
4.756,1.105
4.757,1.34
4.758,1.005
4.759,1.02
4.76,1.045
4.761,1.09
4.762,1.145
4.763,1.185
4.764,1.23
4.765,1.26
4.766,1.285
4.767,1.285
4.768,1.345
4.769,1.335
4.77,1.315
4.771,1.29
4.772,1.265
4.773,1.25
4.774,1.225
4.775,1.21
4.776,1.19
4.777,1.09
4.778,1.09
4.779,1.045
4.78,1.16
4.781,1.05
4.782,1.025
4.783,1.045
4.784,1.065
4.785,1.085
4.786,1.105
4.787,1.13
4.788,1.135
4.789,1.13
4.79,1.145
4.791,1.11
4.792,1.125
4.793,1.13
4.794,1.14
4.795,1.145
4.796,1.14
4.797,1.13
4.798,1.085
4.799,1.13
4.8,0.805
4.801,1.01
4.802,0.995
4.803,0.955
4.804,1.12
4.805,1.335
4.806,1.13
4.807,1.135
4.808,1.12
4.809,1.34
4.81,1.335
4.811,1.325
4.812,1.315
4.813,1.31
4.814,1.3
4.815,1.36
4.816,1.28
4.817,1.3
4.818,1.245
4.819,1.215
4.82,1.155
4.821,1.18
4.822,1.21
4.823,1.195
4.824,1.24
4.825,1.21
4.826,1.195
4.827,1.16
4.828,1.145
4.829,1.16
4.83,1.105
4.831,1.21
4.832,1.17
4.833,1.2
4.834,1.19
4.835,1.235
4.836,1.245
4.837,1.26
4.838,1.28
4.839,1.3
4.84,1.31
4.841,1.305
4.842,1.31
4.843,1.285
4.844,1.28
4.845,1.255
4.846,1.23
4.847,1.21
4.848,1.185
4.849,1.185
4.85,1.185
4.851,1.355
4.852,1.18
4.853,1.18
4.854,1.18
4.855,1.175
4.856,1.175
4.857,1.215
4.858,1.185
4.859,1.19
4.86,1.195
4.861,1.23
4.862,1.23
4.863,1.275
4.864,1.385
4.865,1.265
4.866,1.24
4.867,1.33
4.868,1.315
4.869,1.32
4.87,1.15
4.871,1.255
4.872,1.28
4.873,1.3
4.874,1.305
4.875,1.33
4.876,1.325
4.877,1.335
4.878,1.345
4.879,1.375
4.88,1.365
4.881,1.395
4.882,1.425
4.883,1.45
4.884,1.285
4.885,1.47
4.886,1.47
4.887,1.46
4.888,1.435
4.889,1.405
4.89,1.37
4.891,1.305
4.892,1.265
4.893,1.18
4.894,1.165
4.895,1.19
4.896,1.21
4.897,1.155
4.898,1.16
4.899,1.16
4.9,1.14
4.901,1.17
4.902,1.18
4.903,1.19
4.904,1.23
4.905,1.235
4.906,1.24
4.907,1.23
4.908,1.185
4.909,1.205
4.91,1.205
4.911,1.19
4.912,1.165
4.913,1.18
4.914,1.17
4.915,1.18
4.916,1.2
4.917,1.22
4.918,1.11
4.919,1.26
4.92,1.245
4.921,1.3
4.922,1.33
4.923,1.345
4.924,1.33
4.925,1.41
4.926,1.39
4.927,1.385
4.928,1.22
4.929,1.37
4.93,1.37
4.931,1.355
4.932,1.36
4.933,1.38
4.934,1.275
4.935,1.425
4.936,1.385
4.937,1.385
4.938,1.385
4.939,1.38
4.94,1.335
4.941,1.34
4.942,1.325
4.943,1.31
4.944,1.315
4.945,1.18
4.946,1.325
4.947,1.325
4.948,1.32
4.949,1.32
4.95,1.325
4.951,1.44
4.952,1.355
4.953,1.365
4.954,1.39
4.955,1.415
4.956,1.435
4.957,1.44
4.958,1.52
4.959,1.51
4.96,1.47
4.961,1.575
4.962,1.495
4.963,1.49
4.964,1.5
4.965,1.475
4.966,1.47
4.967,1.465
4.968,1.46
4.969,1.445
4.97,1.505
4.971,1.36
4.972,1.535
4.973,1.545
4.974,1.55
4.975,1.555
4.976,1.55
4.977,1.55
4.978,1.44
4.979,1.53
4.98,1.54
4.981,1.535
4.982,1.525
4.983,1.515
4.984,1.515
4.985,1.515
4.986,1.515
4.987,1.525
4.988,1.53
4.989,1.535
4.99,1.525
4.991,1.645
4.992,1.66
4.993,1.72
4.994,1.72
4.995,1.715
4.996,1.73
4.997,1.785
4.998,1.735
4.999,1.735
5,1.715
