5,4.76,-0.21
4.999,4.80,-0.20
4.998,4.81,-0.19
4.997,4.92,-0.18
4.996,4.80,-0.19
4.995,4.76,-0.19
4.994,4.78,-0.21
4.993,4.77,-0.24
4.992,4.63,-0.28
4.991,4.60,-0.31
4.99,4.30,-0.36
4.989,4.32,-0.34
4.988,4.30,-0.32
4.987,4.29,-0.30
4.986,4.27,-0.28
4.985,4.27,-0.26
4.984,4.27,-0.25
4.983,4.26,-0.25
4.982,4.29,-0.24
4.981,4.32,-0.23
4.98,4.33,-0.23
4.979,4.30,-0.26
4.978,4.08,-0.32
4.977,4.35,-0.33
4.976,4.36,-0.36
4.975,4.36,-0.39
4.974,4.35,-0.36
4.973,4.35,-0.33
4.972,4.32,-0.30
4.971,3.88,-0.31
4.97,4.24,-0.24
4.969,4.09,-0.28
4.968,4.12,-0.30
4.967,4.14,-0.33
4.966,4.16,-0.36
4.965,4.17,-0.38
4.964,4.23,-0.35
4.963,4.20,-0.32
4.962,4.22,-0.28
4.961,4.42,-0.23
4.96,4.15,-0.22
4.959,4.26,-0.25
4.958,4.27,-0.28
4.957,4.08,-0.33
4.956,4.07,-0.37
4.955,4.02,-0.41
4.954,3.95,-0.39
4.953,3.89,-0.36
4.952,3.86,-0.34
4.951,4.08,-0.29
4.95,3.79,-0.29
4.949,3.77,-0.26
4.948,3.77,-0.23
4.947,3.78,-0.19
4.946,3.78,-0.16
4.945,3.40,-0.17
4.944,3.75,-0.12
4.943,3.75,-0.12
4.942,3.79,-0.10
4.941,3.83,-0.09
4.94,3.81,-0.09
4.939,3.92,-0.10
4.938,3.93,-0.13
4.937,3.94,-0.15
4.936,3.94,-0.18
4.935,4.04,-0.19
4.934,3.66,-0.25
4.933,3.92,-0.24
4.932,3.88,-0.27
4.931,3.86,-0.29
4.93,3.90,-0.31
4.929,3.90,-0.31
4.928,3.51,-0.34
4.927,3.94,-0.30
4.926,3.95,-0.30
4.925,4.00,-0.30
4.924,3.80,-0.31
4.923,3.84,-0.29
4.922,3.80,-0.29
4.921,3.72,-0.28
4.92,3.57,-0.29
4.919,3.61,-0.28
4.918,3.21,-0.32
4.917,3.51,-0.29
4.916,3.46,-0.29
4.915,3.40,-0.29
4.914,3.38,-0.30
4.913,3.40,-0.31
4.912,3.36,-0.32
4.911,3.43,-0.32
4.91,3.47,-0.33
4.909,3.48,-0.31
4.908,3.42,-0.29
4.907,3.54,-0.26
4.906,3.56,-0.24
4.905,3.56,-0.22
4.904,3.54,-0.17
4.903,3.44,-0.13
4.902,3.40,-0.08
4.901,3.37,-0.03
4.9,3.30,0.01
4.899,3.36,0.02
4.898,3.35,0.03
4.897,3.33,0.03
4.896,3.48,0.05
4.895,3.42,0.05
4.894,3.37,0.06
4.893,3.41,0.07
4.892,3.63,0.11
4.891,3.73,0.13
4.89,3.90,0.16
4.889,3.99,0.12
4.888,4.07,0.07
4.887,4.14,0.03
4.886,4.15,-0.02
4.885,4.16,-0.07
4.884,3.68,-0.15
4.883,4.10,-0.15
4.882,4.04,-0.20
4.881,3.96,-0.25
4.88,3.89,-0.29
4.879,3.91,-0.31
4.878,3.84,-0.33
4.877,3.82,-0.36
4.876,3.79,-0.38
4.875,3.80,-0.39
4.874,3.73,-0.38
4.873,3.72,-0.37
4.872,3.67,-0.36
4.871,3.60,-0.35
4.87,3.32,-0.36
4.869,3.77,-0.31
4.868,3.76,-0.30
4.867,3.80,-0.29
4.866,3.56,-0.31
4.865,3.63,-0.30
4.864,3.94,-0.27
4.863,3.66,-0.29
4.862,3.54,-0.31
4.861,3.53,-0.31
4.86,3.44,-0.31
4.859,3.43,-0.27
4.858,3.41,-0.22
4.857,3.50,-0.17
4.856,3.39,-0.13
4.855,3.40,-0.08
4.854,3.40,-0.07
4.853,3.40,-0.06
4.852,3.41,-0.05
4.851,3.87,0.00
4.85,3.42,-0.04
4.849,3.42,-0.02
4.848,3.42,0.00
4.847,3.48,0.02
4.846,3.54,0.04
4.845,3.61,0.06
4.844,3.66,0.03
4.843,3.68,-0.01
4.842,3.75,-0.04
4.841,3.73,-0.09
4.84,3.75,-0.12
4.839,3.73,-0.14
4.838,3.67,-0.15
4.837,3.61,-0.17
4.836,3.58,-0.18
4.835,3.55,-0.19
4.834,3.43,-0.24
4.833,3.46,-0.28
4.832,3.38,-0.33
4.831,3.48,-0.36
4.83,3.21,-0.42
4.829,3.35,-0.39
4.828,3.32,-0.37
4.827,3.35,-0.34
4.826,3.45,-0.31
4.825,3.49,-0.28
4.824,3.57,-0.26
4.823,3.44,-0.27
4.822,3.48,-0.25
4.821,3.41,-0.25
4.82,3.34,-0.25
4.819,3.50,-0.22
4.818,3.57,-0.19
4.817,3.73,-0.15
4.816,3.67,-0.14
4.815,3.87,-0.10
4.814,3.72,-0.11
4.813,3.74,-0.10
4.812,3.76,-0.09
4.811,3.78,-0.08
4.81,3.81,-0.07
4.809,3.83,-0.10
4.808,3.25,-0.20
4.807,3.28,-0.23
4.806,3.27,-0.27
4.805,3.81,-0.26
4.804,3.24,-0.31
4.803,2.80,-0.35
4.802,2.91,-0.35
4.801,2.94,-0.34
4.8,2.38,-0.40
4.799,3.27,-0.31
4.798,3.16,-0.32
4.797,3.27,-0.31
4.796,3.30,-0.31
4.795,3.31,-0.30
4.794,3.30,-0.30
4.793,3.28,-0.30
4.792,3.25,-0.30
4.791,3.22,-0.30
4.79,3.31,-0.29
4.789,3.28,-0.30
4.788,3.29,-0.31
4.787,3.27,-0.32
4.786,3.21,-0.33
4.785,3.16,-0.35
4.784,3.10,-0.32
4.783,3.05,-0.29
4.782,2.99,-0.26
4.781,3.06,-0.23
4.78,3.51,-0.17
4.779,3.19,-0.17
4.778,3.28,-0.13
4.777,3.26,-0.10
4.776,3.51,-0.05
4.775,3.54,-0.01
4.774,3.57,-0.01
4.773,3.61,-0.01
4.772,3.64,-0.01
4.771,3.68,-0.01
4.77,3.72,-0.01
4.769,3.75,-0.04
4.768,3.75,-0.08
4.767,3.64,-0.13
4.766,3.57,-0.17
4.765,3.48,-0.21
4.764,3.39,-0.25
4.763,3.28,-0.29
4.762,3.16,-0.33
4.761,3.03,-0.38
4.76,2.93,-0.42
4.759,2.85,-0.41
4.758,2.81,-0.39
4.757,3.76,-0.29
4.756,3.09,-0.33
4.755,3.21,-0.30
4.754,3.37,-0.28
4.753,3.40,-0.26
4.752,3.45,-0.25
4.751,3.48,-0.24
4.75,3.73,-0.21
4.749,3.90,-0.20
4.748,4.04,-0.20
4.747,3.99,-0.21
4.746,3.91,-0.23
4.745,3.83,-0.25
4.744,3.75,-0.23
4.743,3.71,-0.22
4.742,3.89,-0.19
4.741,3.63,-0.19
4.74,3.75,-0.16
4.739,4.19,-0.11
4.738,3.71,-0.16
4.737,3.74,-0.15
4.736,3.80,-0.13
4.735,4.09,-0.10
4.734,3.92,-0.10
4.733,3.99,-0.07
4.732,4.07,-0.05
4.731,4.04,-0.04
4.73,4.07,-0.02
4.729,3.97,-0.02
4.728,3.88,-0.02
4.727,3.90,-0.01
4.726,3.81,-0.01
4.725,3.80,0.00
4.724,3.76,-0.06
4.723,3.67,-0.12
4.722,3.58,-0.18
4.721,3.56,-0.24
4.72,3.53,-0.30
4.719,3.36,-0.30
4.718,3.35,-0.29
4.717,3.38,-0.28
4.716,3.40,-0.27
4.715,3.63,-0.22
4.714,3.62,-0.23
4.713,3.62,-0.23
4.712,3.89,-0.20
4.711,3.64,-0.23
4.71,3.67,-0.23
4.709,3.63,-0.22
4.708,3.60,-0.22
4.707,3.56,-0.22
4.706,3.52,-0.22
4.705,3.53,-0.21
4.704,3.47,-0.21
4.703,3.45,-0.22
4.702,3.50,-0.21
4.701,3.34,-0.23
4.7,3.27,-0.23
4.699,3.25,-0.21
4.698,2.92,-0.21
4.697,3.27,-0.15
4.696,3.37,-0.11
4.695,3.49,-0.07
4.694,3.59,-0.07
4.693,3.70,-0.07
4.692,3.77,-0.07
4.691,3.90,-0.06
4.69,4.34,-0.03
4.689,4.07,-0.04
4.688,4.10,-0.02
4.687,3.96,-0.02
4.686,3.87,-0.02
4.685,3.78,-0.01
4.684,3.69,-0.04
4.683,3.61,-0.07
4.682,3.61,-0.08
4.681,3.58,-0.09
4.68,3.56,-0.11
4.679,3.56,-0.14
4.678,3.56,-0.17
4.677,3.83,-0.18
4.676,3.66,-0.23
4.675,3.71,-0.26
4.674,4.14,-0.22
4.673,3.79,-0.25
4.672,3.79,-0.25
4.671,3.81,-0.24
4.67,3.85,-0.23
4.669,3.68,-0.26
4.668,3.61,-0.28
4.667,3.50,-0.30
4.666,3.44,-0.31
4.665,3.42,-0.33
4.664,3.43,-0.31
4.663,3.46,-0.29
4.662,3.53,-0.27
4.661,3.23,-0.29
4.66,3.66,-0.23
4.659,3.71,-0.21
4.658,3.70,-0.19
4.657,3.87,-0.15
4.656,3.90,-0.13
4.655,3.96,-0.10
4.654,4.04,-0.09
4.653,3.97,-0.09
4.652,4.01,-0.08
4.651,3.99,-0.07
4.65,4.01,-0.07
4.649,4.02,-0.12
4.648,3.95,-0.18
4.647,4.56,-0.18
4.646,4.01,-0.28
4.645,4.04,-0.33
4.644,3.98,-0.32
4.643,4.03,-0.30
4.642,4.07,-0.28
4.641,3.96,-0.27
4.64,3.88,-0.25
4.639,4.00,-0.24
4.638,4.02,-0.22
4.637,4.04,-0.21
4.636,4.05,-0.20
4.635,4.09,-0.19
4.634,4.11,-0.15
4.633,4.12,-0.12
4.632,4.10,-0.09
4.631,4.02,-0.07
4.63,4.00,-0.04
4.629,3.59,-0.10
4.628,3.82,-0.08
4.627,3.73,-0.11
4.626,3.65,-0.13
4.625,3.79,-0.13
4.624,4.06,-0.13
4.623,3.36,-0.21
4.622,3.23,-0.25
4.621,3.32,-0.26
4.62,3.18,-0.29
4.619,3.24,-0.25
4.618,3.31,-0.21
4.617,3.34,-0.17
4.616,3.38,-0.13
4.615,3.40,-0.09
4.614,3.73,-0.06
4.613,3.64,-0.06
4.612,3.66,-0.06
4.611,3.70,-0.05
4.61,3.74,-0.04
4.609,3.77,-0.06
4.608,3.80,-0.09
4.607,3.85,-0.11
4.606,4.06,-0.11
4.605,4.03,-0.14
4.604,3.98,-0.16
4.603,3.98,-0.18
4.602,4.13,-0.17
4.601,3.56,-0.24
4.6,3.36,-0.28
4.599,3.44,-0.27
4.598,3.39,-0.28
4.597,3.44,-0.28
4.596,3.50,-0.27
4.595,3.71,-0.25
4.594,3.78,-0.24
4.593,3.57,-0.26
4.592,3.91,-0.23
4.591,3.98,-0.22
4.59,3.92,-0.23
4.589,3.80,-0.23
4.588,3.91,-0.20
4.587,4.01,-0.18
4.586,4.11,-0.14
4.585,4.12,-0.13
4.584,4.16,-0.12
4.583,4.15,-0.12
4.582,4.11,-0.13
4.581,4.06,-0.13
4.58,3.93,-0.15
4.579,4.50,-0.06
4.578,3.94,-0.09
4.577,3.95,-0.07
4.576,3.84,-0.05
4.575,3.98,-0.01
4.574,4.21,-0.02
4.573,4.00,-0.07
4.572,4.00,-0.10
4.571,4.01,-0.12
4.57,4.01,-0.15
4.569,4.01,-0.14
4.568,4.06,-0.12
4.567,4.04,-0.11
4.566,4.05,-0.09
4.565,3.74,-0.11
4.564,3.88,-0.10
4.563,3.71,-0.12
4.562,3.90,-0.11
4.561,3.99,-0.11
4.56,3.82,-0.13
4.559,3.87,-0.16
4.558,3.95,-0.18
4.557,4.24,-0.18
4.556,4.00,-0.23
4.555,4.01,-0.26
4.554,4.00,-0.26
4.553,3.98,-0.26
4.552,3.95,-0.26
4.551,3.92,-0.26
4.55,3.87,-0.26
4.549,3.81,-0.27
4.548,3.75,-0.28
4.547,3.76,-0.29
4.546,3.65,-0.30
4.545,3.54,-0.32
4.544,3.59,-0.32
4.543,3.49,-0.32
4.542,3.44,-0.33
4.541,3.40,-0.33
4.54,3.33,-0.33
4.539,3.09,-0.33
4.538,3.09,-0.30
4.537,2.99,-0.28
4.536,2.98,-0.25
4.535,2.92,-0.23
4.534,3.63,-0.17
4.533,2.84,-0.24
4.532,2.79,-0.25
4.531,2.85,-0.24
4.53,2.83,-0.24
4.529,2.91,-0.26
4.528,2.91,-0.28
4.527,3.05,-0.28
4.526,3.08,-0.30
4.525,3.08,-0.32
4.524,3.09,-0.33
4.523,3.04,-0.34
4.522,2.97,-0.36
4.521,3.14,-0.35
4.52,3.14,-0.35
4.519,3.14,-0.34
4.518,3.13,-0.32
4.517,3.13,-0.30
4.516,3.15,-0.28
4.515,2.86,-0.29
4.514,3.20,-0.27
4.513,3.24,-0.29
4.512,3.98,-0.24
4.511,3.25,-0.33
4.51,3.48,-0.32
4.509,3.68,-0.27
4.508,4.19,-0.19
4.507,3.43,-0.24
4.506,3.42,-0.21
4.505,3.41,-0.19
4.504,3.40,-0.18
4.503,3.42,-0.18
4.502,3.43,-0.17
4.501,3.35,-0.17
4.5,3.43,-0.16
4.499,3.43,-0.13
4.498,3.47,-0.10
4.497,3.53,-0.06
4.496,3.59,-0.03
4.495,3.64,0.01
4.494,3.67,-0.01
4.493,3.30,-0.07
4.492,3.72,-0.04
4.491,3.66,-0.07
4.49,3.78,-0.08
4.489,3.82,-0.11
4.488,3.83,-0.15
4.487,3.87,-0.18
4.486,3.89,-0.22
4.485,3.91,-0.25
4.484,3.95,-0.25
4.483,3.99,-0.25
4.482,4.00,-0.25
4.481,4.07,-0.25
4.48,4.02,-0.25
4.479,4.21,-0.23
4.478,4.14,-0.23
4.477,4.15,-0.22
4.476,4.16,-0.22
4.475,4.14,-0.21
4.474,4.06,-0.23
4.473,3.97,-0.25
4.472,3.90,-0.27
4.471,3.85,-0.29
4.47,3.49,-0.34
4.469,3.95,-0.29
4.468,3.39,-0.34
4.467,3.37,-0.34
4.466,3.35,-0.34
4.465,3.31,-0.34
4.464,3.22,-0.35
4.463,3.15,-0.36
4.462,3.08,-0.37
4.461,3.09,-0.36
4.46,3.06,-0.37
4.459,3.13,-0.37
4.458,3.28,-0.36
4.457,3.43,-0.35
4.456,3.58,-0.34
4.455,3.58,-0.35
4.454,3.59,-0.33
4.453,3.60,-0.30
4.452,3.55,-0.28
4.451,3.60,-0.26
4.45,3.53,-0.24
4.449,3.75,-0.24
4.448,3.73,-0.25
4.447,3.78,-0.26
4.446,4.29,-0.23
4.445,3.78,-0.29
4.444,3.76,-0.26
4.443,3.60,-0.25
4.442,3.75,-0.20
4.441,3.76,-0.16
4.44,3.65,-0.15
4.439,3.72,-0.17
4.438,3.68,-0.20
4.437,3.70,-0.23
4.436,3.73,-0.26
4.435,3.74,-0.29
4.434,3.68,-0.30
4.433,3.73,-0.29
4.432,3.72,-0.30
4.431,3.58,-0.31
4.43,3.73,-0.30
4.429,3.72,-0.31
4.428,3.71,-0.33
4.427,3.62,-0.36
4.426,3.58,-0.38
4.425,4.02,-0.35
4.424,3.83,-0.35
4.423,3.51,-0.36
4.422,3.49,-0.34
4.421,3.48,-0.32
4.42,3.54,-0.29
4.419,3.40,-0.26
4.418,3.39,-0.22
4.417,3.36,-0.17
4.416,3.35,-0.12
4.415,3.34,-0.08
4.414,3.34,-0.12
4.413,3.35,-0.16
4.412,3.37,-0.20
4.411,3.62,-0.22
4.41,3.37,-0.29
4.409,3.42,-0.28
4.408,3.46,-0.28
4.407,3.30,-0.29
4.406,3.37,-0.28
4.405,3.42,-0.28
4.404,3.61,-0.27
4.403,3.52,-0.30
4.402,3.60,-0.30
4.401,4.21,-0.26
4.4,3.84,-0.31
4.399,3.88,-0.28
4.398,3.88,-0.26
4.397,3.89,-0.24
4.396,3.95,-0.21
4.395,4.01,-0.19
4.394,4.02,-0.19
4.393,3.89,-0.20
4.392,4.18,-0.18
4.391,4.20,-0.18
4.39,4.07,-0.19
4.389,4.09,-0.22
4.388,4.10,-0.25
4.387,4.11,-0.29
4.386,4.09,-0.32
4.385,4.09,-0.36
4.384,4.09,-0.32
4.383,4.09,-0.29
4.382,4.11,-0.25
4.381,4.11,-0.22
4.38,4.04,-0.19
4.379,3.75,-0.23
4.378,3.71,-0.25
4.377,3.67,-0.27
4.376,3.67,-0.28
4.375,3.68,-0.29
4.374,3.84,-0.27
4.373,3.78,-0.26
4.372,3.72,-0.26
4.371,3.69,-0.25
4.37,3.71,-0.24
4.369,3.71,-0.21
4.368,3.71,-0.19
4.367,3.72,-0.17
4.366,3.76,-0.14
4.365,3.67,-0.12
4.364,3.77,-0.11
4.363,3.78,-0.10
4.362,3.74,-0.10
4.361,3.71,-0.11
4.36,3.70,-0.10
4.359,3.88,-0.11
4.358,3.81,-0.14
4.357,3.73,-0.17
4.356,4.08,-0.16
4.355,3.69,-0.22
4.354,3.74,-0.24
4.353,3.79,-0.27
4.352,3.71,-0.30
4.351,3.67,-0.33
4.35,3.62,-0.36
4.349,3.57,-0.35
4.348,3.52,-0.34
4.347,3.48,-0.33
4.346,3.46,-0.31
4.345,3.46,-0.29
4.344,3.16,-0.33
4.343,3.51,-0.30
4.342,3.57,-0.29
4.341,3.58,-0.30
4.34,3.50,-0.31
4.339,3.73,-0.30
4.338,3.36,-0.34
4.337,3.65,-0.32
4.336,3.67,-0.33
4.335,3.77,-0.33
4.334,3.67,-0.33
4.333,3.92,-0.30
4.332,3.64,-0.31
4.331,3.63,-0.30
4.33,3.61,-0.29
4.329,3.59,-0.31
4.328,3.65,-0.32
4.327,3.71,-0.32
4.326,3.72,-0.34
4.325,3.73,-0.35
4.324,3.72,-0.35
4.323,3.71,-0.36
4.322,3.70,-0.37
4.321,3.94,-0.35
4.32,4.01,-0.35
4.319,4.12,-0.31
4.318,4.02,-0.29
4.317,3.98,-0.27
4.316,3.87,-0.25
4.315,4.04,-0.21
4.314,3.96,-0.24
4.313,4.01,-0.25
4.312,4.19,-0.25
4.311,4.25,-0.26
4.31,4.26,-0.28
4.309,4.25,-0.27
4.308,4.22,-0.25
4.307,4.19,-0.24
4.306,4.16,-0.23
4.305,4.13,-0.22
4.304,4.16,-0.20
4.303,4.20,-0.19
4.302,4.26,-0.16
4.301,3.97,-0.18
4.3,4.42,-0.12
4.299,4.16,-0.16
4.298,4.37,-0.15
4.297,4.32,-0.17
4.296,4.27,-0.19
4.295,4.06,-0.23
4.294,4.18,-0.20
4.293,4.05,-0.20
4.292,4.05,-0.18
4.291,4.06,-0.17
4.29,4.31,-0.14
4.289,4.08,-0.16
4.288,4.10,-0.16
4.287,4.09,-0.18
4.286,4.07,-0.19
4.285,4.17,-0.17
4.284,4.19,-0.16
4.283,4.35,-0.14
4.282,4.37,-0.14
4.281,4.37,-0.14
4.28,4.36,-0.13
4.279,4.13,-0.17
4.278,4.18,-0.17
4.277,4.14,-0.18
4.276,4.09,-0.20
4.275,4.06,-0.21
4.274,4.02,-0.23
4.273,4.03,-0.25
4.272,4.03,-0.28
4.271,4.09,-0.30
4.27,4.13,-0.31
4.269,4.16,-0.28
4.268,4.17,-0.23
4.267,4.19,-0.19
4.266,4.26,-0.14
4.265,4.17,-0.11
4.264,4.08,-0.13
4.263,3.99,-0.14
4.262,3.89,-0.16
4.261,3.94,-0.16
4.26,3.94,-0.17
4.259,4.01,-0.13
4.258,4.05,-0.11
4.257,4.30,-0.06
4.256,4.05,-0.07
4.255,3.86,-0.06
4.254,3.70,-0.08
4.253,3.88,-0.06
4.252,3.90,-0.06
4.251,3.92,-0.06
4.25,4.00,-0.05
4.249,3.97,-0.08
4.248,4.00,-0.11
4.247,4.02,-0.13
4.246,4.04,-0.16
4.245,3.92,-0.20
4.244,4.09,-0.19
4.243,4.20,-0.19
4.242,4.15,-0.21
4.241,4.15,-0.22
4.24,4.18,-0.23
4.239,4.13,-0.22
4.238,4.09,-0.21
4.237,4.16,-0.19
4.236,3.96,-0.19
4.235,3.99,-0.17
4.234,4.20,-0.16
4.233,4.20,-0.17
4.232,4.20,-0.18
4.231,4.22,-0.18
4.23,4.21,-0.19
4.229,4.25,-0.20
4.228,4.04,-0.22
4.227,4.05,-0.23
4.226,4.06,-0.24
4.225,4.09,-0.24
4.224,4.08,-0.25
4.223,4.06,-0.27
4.222,3.84,-0.30
4.221,3.82,-0.31
4.22,3.79,-0.33
4.219,3.76,-0.32
4.218,3.73,-0.31
4.217,3.83,-0.29
4.216,3.82,-0.28
4.215,3.82,-0.26
4.214,3.89,-0.23
4.213,3.63,-0.23
4.212,3.62,-0.20
4.211,3.61,-0.18
4.21,3.69,-0.14
4.209,3.61,-0.15
4.208,3.82,-0.15
4.207,3.51,-0.17
4.206,3.54,-0.18
4.205,3.87,-0.15
4.204,3.48,-0.19
4.203,3.50,-0.19
4.202,3.56,-0.19
4.201,3.60,-0.19
4.2,3.77,-0.18
4.199,3.19,-0.25
4.198,3.22,-0.24
4.197,3.25,-0.24
4.196,3.31,-0.24
4.195,3.36,-0.23
4.194,3.47,-0.24
4.193,3.62,-0.25
4.192,3.75,-0.25
4.191,3.87,-0.26
4.19,3.97,-0.27
4.189,4.06,-0.25
4.188,4.14,-0.23
4.187,4.22,-0.21
4.186,4.26,-0.19
4.185,4.28,-0.18
4.184,4.27,-0.18
4.183,4.21,-0.19
4.182,4.15,-0.20
4.181,4.11,-0.21
4.18,4.07,-0.22
4.179,3.93,-0.24
4.178,3.65,-0.26
4.177,3.99,-0.24
4.176,4.13,-0.22
4.175,4.03,-0.24
4.174,4.24,-0.20
4.173,4.24,-0.19
4.172,4.40,-0.15
4.171,4.27,-0.15
4.17,4.23,-0.14
4.169,4.15,-0.15
4.168,4.05,-0.15
4.167,3.95,-0.16
4.166,3.95,-0.15
4.165,3.66,-0.18
4.164,3.67,-0.18
4.163,3.69,-0.18
4.162,3.70,-0.18
4.161,3.66,-0.19
4.16,3.91,-0.17
4.159,3.89,-0.14
4.158,3.83,-0.12
4.157,3.84,-0.09
4.156,3.81,-0.07
4.155,3.98,-0.03
4.154,3.99,-0.03
4.153,3.98,-0.04
4.152,3.98,-0.04
4.151,3.99,-0.05
4.15,3.99,-0.05
4.149,3.99,-0.08
4.148,4.00,-0.11
4.147,3.98,-0.14
4.146,3.95,-0.17
4.145,3.92,-0.20
4.144,3.89,-0.21
4.143,4.01,-0.21
4.142,3.84,-0.23
4.141,3.82,-0.24
4.14,3.74,-0.26
4.139,3.91,-0.24
4.138,3.87,-0.23
4.137,3.92,-0.22
4.136,3.91,-0.22
4.135,3.89,-0.21
4.134,3.83,-0.24
4.133,3.82,-0.26
4.132,3.93,-0.26
4.131,3.84,-0.29
4.13,3.59,-0.33
4.129,3.57,-0.30
4.128,3.52,-0.27
4.127,3.52,-0.23
4.126,3.51,-0.19
4.125,3.66,-0.14
4.124,3.65,-0.16
4.123,3.61,-0.18
4.122,3.57,-0.21
4.121,3.57,-0.23
4.12,3.64,-0.24
4.119,3.16,-0.29
4.118,3.30,-0.29
4.117,3.33,-0.30
4.116,3.79,-0.26
4.115,3.90,-0.27
4.114,4.01,-0.25
4.113,4.05,-0.23
4.112,4.11,-0.21
4.111,4.00,-0.21
4.11,3.82,-0.23
4.109,3.88,-0.23
4.108,3.89,-0.24
4.107,4.03,-0.23
4.106,4.03,-0.25
4.105,4.26,-0.23
4.104,4.00,-0.26
4.103,3.98,-0.26
4.102,4.15,-0.24
4.101,4.08,-0.24
4.1,4.03,-0.25
4.099,3.97,-0.23
4.098,3.90,-0.22
4.097,3.90,-0.20
4.096,3.89,-0.19
4.095,3.94,-0.16
4.094,3.95,-0.14
4.093,3.97,-0.13
4.092,3.98,-0.11
4.091,3.98,-0.09
4.09,3.93,-0.09
4.089,3.95,-0.10
4.088,3.91,-0.13
4.087,3.98,-0.15
4.086,4.00,-0.17
4.085,4.01,-0.20
4.084,4.22,-0.16
4.083,4.05,-0.17
4.082,4.11,-0.15
4.081,4.15,-0.13
4.08,4.27,-0.11
4.079,4.27,-0.11
4.078,4.18,-0.13
4.077,4.23,-0.13
4.076,3.82,-0.18
4.075,4.15,-0.15
4.074,4.09,-0.17
4.073,4.25,-0.15
4.072,4.20,-0.15
4.071,4.19,-0.16
4.07,4.23,-0.15
4.069,4.27,-0.14
4.068,4.28,-0.13
4.067,4.30,-0.11
4.066,4.37,-0.10
4.065,4.33,-0.09
4.064,4.35,-0.08
4.063,4.39,-0.07
4.062,4.45,-0.05
4.061,4.50,-0.04
4.06,4.41,-0.04
4.059,4.56,-0.02
4.058,4.38,-0.03
4.057,4.34,-0.02
4.056,4.29,-0.02
4.055,4.24,-0.02
4.054,4.18,-0.02
4.053,4.11,-0.03
4.052,4.02,-0.04
4.051,3.44,-0.09
4.05,3.82,-0.06
4.049,3.70,-0.07
4.048,3.60,-0.07
4.047,3.60,-0.07
4.046,3.90,-0.04
4.045,3.61,-0.06
4.044,3.71,-0.06
4.043,3.66,-0.07
4.042,3.67,-0.08
4.041,3.76,-0.07
4.04,3.94,-0.06
4.039,3.77,-0.09
4.038,3.92,-0.09
4.037,3.69,-0.13
4.036,3.98,-0.11
4.035,4.02,-0.12
4.034,4.06,-0.11
4.033,4.10,-0.11
4.032,4.19,-0.10
4.031,4.23,-0.10
4.03,4.25,-0.10
4.029,4.32,-0.07
4.028,4.39,-0.04
4.027,4.38,-0.03
4.026,4.72,0.03
4.025,4.70,0.04
4.024,4.74,-0.02
4.023,4.63,-0.09
4.022,4.17,-0.20
4.021,4.13,-0.27
4.02,4.03,-0.34
4.019,3.99,-0.32
4.018,3.89,-0.31
4.017,3.79,-0.29
4.016,3.58,-0.28
4.015,3.86,-0.23
4.014,3.76,-0.20
4.013,3.69,-0.18
4.012,3.74,-0.14
4.011,3.60,-0.12
4.01,3.62,-0.09
4.009,3.65,-0.09
4.008,3.64,-0.08
4.007,3.73,-0.07
4.006,3.77,-0.06
4.005,3.65,-0.07
4.004,4.21,0.01
4.003,4.03,0.01
4.002,4.46,0.08
4.001,4.01,0.05
4,4.13,0.08
3.999,3.93,0.08
3.998,3.89,0.08
3.997,3.92,0.10
3.996,3.85,0.10
3.995,3.77,0.10
3.994,3.72,0.08
3.993,3.66,0.06
3.992,3.62,0.04
3.991,3.54,0.02
3.99,3.46,0.00
3.989,3.31,-0.03
3.988,3.27,-0.04
3.987,3.12,-0.07
3.986,3.12,-0.08
3.985,3.03,-0.10
3.984,2.61,-0.15
3.983,2.92,-0.14
3.982,2.92,-0.16
3.981,3.91,-0.08
3.98,3.94,-0.09
3.979,3.97,-0.10
3.978,3.92,-0.11
3.977,3.93,-0.12
3.976,3.93,-0.13
3.975,3.94,-0.13
3.974,3.67,-0.16
3.973,3.78,-0.16
3.972,4.05,-0.13
3.971,4.08,-0.14
3.97,4.12,-0.14
3.969,4.16,-0.14
3.968,4.18,-0.14
3.967,4.20,-0.14
3.966,4.24,-0.14
3.965,4.27,-0.14
3.964,4.30,-0.17
3.963,4.33,-0.19
3.962,4.37,-0.22
3.961,4.42,-0.24
3.96,4.24,-0.29
3.959,4.39,-0.26
3.958,4.42,-0.23
3.957,4.41,-0.22
3.956,4.35,-0.20
3.955,4.33,-0.19
3.954,4.33,-0.17
3.953,4.35,-0.15
3.952,4.34,-0.13
3.951,4.01,-0.14
3.95,4.26,-0.10
3.949,4.55,-0.08
3.948,4.55,-0.09
3.947,4.55,-0.10
3.946,4.56,-0.10
3.945,4.52,-0.12
3.944,4.52,-0.13
3.943,4.50,-0.15
3.942,4.49,-0.17
3.941,4.48,-0.19
3.94,4.49,-0.21
3.939,4.53,-0.21
3.938,4.58,-0.21
3.937,4.57,-0.21
3.936,4.52,-0.22
3.935,4.50,-0.22
3.934,4.31,-0.23
3.933,4.30,-0.23
3.932,4.30,-0.22
3.931,3.99,-0.25
3.93,4.27,-0.21
3.929,4.28,-0.20
3.928,4.27,-0.19
3.927,4.02,-0.21
3.926,3.82,-0.21
3.925,3.84,-0.20
3.924,3.75,-0.17
3.923,3.73,-0.13
3.922,3.71,-0.09
3.921,3.67,-0.05
3.92,3.64,-0.01
3.919,3.75,-0.01
3.918,4.03,0.02
3.917,3.87,-0.01
3.916,3.92,-0.01
3.915,4.12,0.01
3.914,4.18,-0.03
3.913,3.96,-0.09
3.912,3.98,-0.13
3.911,4.03,-0.16
3.91,4.01,-0.20
3.909,4.07,-0.20
3.908,4.10,-0.21
3.907,4.14,-0.21
3.906,4.15,-0.22
3.905,4.17,-0.23
3.904,4.30,-0.20
3.903,4.29,-0.19
3.902,4.30,-0.18
3.901,4.30,-0.17
3.9,4.23,-0.17
3.899,4.24,-0.17
3.898,4.21,-0.18
3.897,4.44,-0.16
3.896,4.13,-0.19
3.895,4.20,-0.18
3.894,4.29,-0.20
3.893,4.29,-0.22
3.892,4.29,-0.25
3.891,4.46,-0.25
3.89,4.50,-0.27
3.889,4.48,-0.27
3.888,4.47,-0.26
3.887,4.42,-0.26
3.886,4.38,-0.26
3.885,4.33,-0.26
3.884,4.24,-0.24
3.883,4.19,-0.23
3.882,4.13,-0.21
3.881,4.10,-0.19
3.88,4.06,-0.17
3.879,4.05,-0.13
3.878,3.96,-0.10
3.877,4.00,-0.06
3.876,3.97,-0.02
3.875,3.93,0.01
3.874,3.91,0.03
3.873,3.89,0.04
3.872,3.88,0.06
3.871,3.92,0.08
3.87,3.98,0.10
3.869,4.02,0.07
3.868,3.91,0.04
3.867,4.15,0.03
3.866,4.13,0.00
3.865,4.17,-0.02
3.864,4.21,-0.07
3.863,4.24,-0.12
3.862,4.32,-0.16
3.861,4.36,-0.20
3.86,4.26,-0.26
3.859,4.35,-0.24
3.858,4.42,-0.22
3.857,4.40,-0.21
3.856,4.37,-0.20
3.855,4.33,-0.18
3.854,4.28,-0.18
3.853,4.19,-0.18
3.852,4.11,-0.18
3.851,4.13,-0.17
3.85,4.10,-0.17
3.849,4.17,-0.18
3.848,4.19,-0.20
3.847,4.21,-0.21
3.846,4.20,-0.24
3.845,4.22,-0.25
3.844,4.19,-0.26
3.843,4.15,-0.27
3.842,4.14,-0.27
3.841,4.04,-0.28
3.84,3.93,-0.29
3.839,3.96,-0.27
3.838,3.96,-0.25
3.837,4.02,-0.22
3.836,3.90,-0.21
3.835,3.90,-0.19
3.834,3.88,-0.16
3.833,4.05,-0.10
3.832,3.89,-0.08
3.831,3.92,-0.03
3.83,3.88,0.00
3.829,3.85,0.00
3.828,3.88,0.01
3.827,3.90,0.02
3.826,3.92,0.03
3.825,3.82,0.02
3.824,3.82,-0.01
3.823,3.87,-0.03
3.822,3.94,-0.05
3.821,3.93,-0.08
3.82,3.86,-0.11
3.819,3.86,-0.14
3.818,3.81,-0.17
3.817,3.88,-0.18
3.816,3.77,-0.22
3.815,3.90,-0.23
3.814,3.91,-0.21
3.813,4.00,-0.19
3.812,3.93,-0.18
3.811,3.89,-0.17
3.81,3.78,-0.16
3.809,3.87,-0.14
3.808,3.92,-0.12
3.807,3.92,-0.10
3.806,3.92,-0.09
3.805,3.96,-0.07
3.804,3.85,-0.09
3.803,3.88,-0.10
3.802,3.91,-0.10
3.801,3.93,-0.11
3.8,3.96,-0.12
3.799,3.98,-0.08
3.798,4.30,-0.01
3.797,4.03,0.00
3.796,3.99,0.04
3.795,3.97,0.07
3.794,3.96,0.03
3.793,3.94,-0.01
3.792,3.93,-0.04
3.791,3.92,-0.08
3.79,3.86,-0.13
3.789,3.86,-0.14
3.788,3.86,-0.15
3.787,3.88,-0.16
3.786,3.89,-0.17
3.785,3.89,-0.18
3.784,3.83,-0.18
3.783,3.83,-0.17
3.782,3.86,-0.16
3.781,3.92,-0.15
3.78,3.98,-0.13
3.779,4.03,-0.11
3.778,4.09,-0.09
3.777,4.14,-0.07
3.776,4.19,-0.05
3.775,4.20,-0.03
3.774,4.22,-0.06
3.773,4.22,-0.09
3.772,4.10,-0.13
3.771,4.29,-0.15
3.77,4.30,-0.17
3.769,4.17,-0.21
3.768,4.22,-0.22
3.767,4.22,-0.24
3.766,4.22,-0.26
3.765,4.23,-0.28
3.764,4.20,-0.26
3.763,4.14,-0.25
3.762,4.04,-0.25
3.761,4.04,-0.23
3.76,4.09,-0.21
3.759,3.91,-0.19
3.758,3.90,-0.15
3.757,3.92,-0.11
3.756,4.03,-0.06
3.755,3.91,-0.04
3.754,3.90,-0.02
3.753,3.88,0.00
3.752,3.50,-0.02
3.751,3.86,0.04
3.75,3.80,0.05
3.749,3.98,0.05
3.748,3.94,0.02
3.747,3.90,-0.01
3.746,3.87,-0.03
3.745,4.12,-0.03
3.744,3.91,-0.08
3.743,3.91,-0.10
3.742,3.91,-0.13
3.741,3.86,-0.17
3.74,3.72,-0.21
3.739,3.79,-0.20
3.738,3.76,-0.20
3.737,3.78,-0.20
3.736,3.80,-0.19
3.735,3.73,-0.20
3.734,3.70,-0.20
3.733,3.73,-0.19
3.732,3.61,-0.20
3.731,3.73,-0.19
3.73,3.77,-0.18
3.729,3.81,-0.19
3.728,3.84,-0.20
3.727,3.86,-0.21
3.726,3.85,-0.22
3.725,4.02,-0.22
3.724,3.90,-0.22
3.723,3.88,-0.21
3.722,3.88,-0.20
3.721,3.86,-0.20
3.72,3.63,-0.21
3.719,3.75,-0.15
3.718,3.67,-0.10
3.717,3.62,-0.05
3.716,3.46,-0.01
3.715,3.45,0.04
3.714,3.45,0.04
3.713,3.45,0.04
3.712,3.56,0.05
3.711,3.42,0.04
3.71,3.48,0.04
3.709,3.41,0.01
3.708,3.43,-0.02
3.707,3.46,-0.04
3.706,3.46,-0.07
3.705,3.47,-0.10
3.704,3.47,-0.13
3.703,3.48,-0.15
3.702,3.29,-0.19
3.701,3.57,-0.19
3.7,3.64,-0.20
3.699,3.70,-0.20
3.698,3.72,-0.20
3.697,3.75,-0.21
3.696,3.79,-0.21
3.695,3.87,-0.20
3.694,3.84,-0.22
3.693,3.97,-0.23
3.692,3.93,-0.25
3.691,3.97,-0.26
3.69,3.99,-0.28
3.689,3.98,-0.26
3.688,3.97,-0.24
3.687,3.95,-0.22
3.686,3.98,-0.19
3.685,3.99,-0.17
3.684,3.99,-0.16
3.683,3.99,-0.14
3.682,3.96,-0.14
3.681,3.70,-0.15
3.68,3.71,-0.13
3.679,3.62,-0.09
3.678,3.62,-0.04
3.677,3.63,0.01
3.676,3.59,0.05
3.675,3.52,0.09
3.674,3.50,0.11
3.673,3.53,0.13
3.672,3.62,0.16
3.671,3.69,0.18
3.67,3.69,0.20
3.669,4.00,0.23
3.668,3.80,0.21
3.667,3.63,0.19
3.666,3.84,0.20
3.665,3.81,0.20
3.664,3.80,0.18
3.663,3.84,0.16
3.662,3.82,0.13
3.661,3.79,0.11
3.66,3.76,0.08
3.659,3.39,0.01
3.658,3.80,0.02
3.657,3.79,-0.01
3.656,3.79,-0.04
3.655,3.84,-0.07
3.654,3.88,-0.09
3.653,3.92,-0.11
3.652,3.94,-0.13
3.651,3.94,-0.15
3.65,3.85,-0.18
3.649,3.87,-0.19
3.648,3.87,-0.20
3.647,3.87,-0.21
3.646,3.88,-0.22
3.645,3.79,-0.24
3.644,3.75,-0.20
3.643,3.67,-0.17
3.642,3.56,-0.14
3.641,3.59,-0.10
3.64,3.68,-0.05
3.639,3.70,-0.01
3.638,3.73,0.03
3.637,3.68,0.06
3.636,3.61,0.09
3.635,3.77,0.15
3.634,3.76,0.18
3.633,3.78,0.22
3.632,3.79,0.25
3.631,3.80,0.29
3.63,3.84,0.32
3.629,3.86,0.29
3.628,3.91,0.26
3.627,3.98,0.23
3.626,4.02,0.19
3.625,3.98,0.15
3.624,3.92,0.15
3.623,3.85,0.15
3.622,3.82,0.15
3.621,3.88,0.16
3.62,3.97,0.18
3.619,3.92,0.13
3.618,3.88,0.08
3.617,3.90,0.04
3.616,3.46,-0.05
3.615,3.90,-0.05
3.614,3.77,-0.09
3.613,4.02,-0.09
3.612,3.98,-0.12
3.611,4.02,-0.14
3.61,4.04,-0.17
3.609,4.05,-0.16
3.608,4.06,-0.15
3.607,4.07,-0.14
3.606,4.11,-0.12
3.605,4.12,-0.12
3.604,4.10,-0.12
3.603,4.01,-0.14
3.602,4.01,-0.14
3.601,3.98,-0.15
3.6,3.88,-0.17
3.599,3.86,-0.14
3.598,3.75,-0.13
3.597,3.70,-0.10
3.596,3.65,-0.08
3.595,3.76,-0.04
3.594,3.72,-0.04
3.593,3.70,-0.03
3.592,3.81,-0.01
3.591,3.74,-0.01
3.59,3.74,0.00
3.589,3.71,0.00
3.588,3.59,-0.01
3.587,3.44,-0.01
3.586,3.33,-0.02
3.585,3.43,0.00
3.584,3.35,-0.04
3.583,3.22,-0.08
3.582,3.16,-0.11
3.581,3.17,-0.14
3.58,3.19,-0.16
3.579,3.21,-0.20
3.578,3.25,-0.23
3.577,3.29,-0.27
3.576,3.37,-0.30
3.575,3.46,-0.33
3.574,3.49,-0.31
3.573,3.49,-0.29
3.572,3.55,-0.27
3.571,3.53,-0.25
3.57,3.44,-0.25
3.569,3.40,-0.22
3.568,3.47,-0.19
3.567,3.39,-0.17
3.566,3.31,-0.15
3.565,3.39,-0.11
3.564,3.35,-0.11
3.563,3.32,-0.10
3.562,3.41,-0.08
3.561,3.33,-0.08
3.56,3.38,-0.06
3.559,3.34,-0.06
3.558,3.67,-0.02
3.557,3.52,-0.02
3.556,3.55,-0.01
3.555,3.46,0.00
3.554,3.51,-0.01
3.553,3.53,-0.03
3.552,3.48,-0.04
3.551,3.50,-0.05
3.55,3.44,-0.07
3.549,3.44,-0.09
3.548,3.45,-0.10
3.547,3.44,-0.11
3.546,3.44,-0.12
3.545,3.51,-0.13
3.544,3.39,-0.16
3.543,3.34,-0.19
3.542,3.32,-0.21
3.541,3.30,-0.24
3.54,3.24,-0.27
3.539,3.32,-0.24
3.538,3.39,-0.21
3.537,3.34,-0.20
3.536,3.53,-0.16
3.535,3.49,-0.14
3.534,3.51,-0.12
3.533,3.53,-0.10
3.532,3.59,-0.07
3.531,3.61,-0.05
3.53,3.64,-0.02
3.529,3.78,0.00
3.528,3.62,0.00
3.527,3.56,0.00
3.526,3.61,0.01
3.525,3.58,0.02
3.524,3.49,-0.02
3.523,3.44,-0.05
3.522,3.42,-0.08
3.521,3.42,-0.10
3.52,3.39,-0.13
3.519,3.33,-0.14
3.518,3.19,-0.17
3.517,3.22,-0.17
3.516,3.25,-0.18
3.515,3.25,-0.18
3.514,3.25,-0.18
3.513,3.23,-0.17
3.512,3.24,-0.17
3.511,3.51,-0.13
3.51,3.60,-0.12
3.509,3.64,-0.10
3.508,3.69,-0.09
3.507,3.77,-0.07
3.506,3.82,-0.05
3.505,3.86,-0.03
3.504,3.89,-0.06
3.503,3.90,-0.09
3.502,3.95,-0.12
3.501,3.99,-0.15
3.5,3.79,-0.20
3.499,3.98,-0.19
3.498,3.98,-0.19
3.497,4.02,-0.19
3.496,4.01,-0.20
3.495,4.00,-0.21
3.494,4.00,-0.19
3.493,4.02,-0.17
3.492,4.01,-0.15
3.491,4.02,-0.13
3.49,3.90,-0.13
3.489,3.91,-0.14
3.488,3.85,-0.16
3.487,3.88,-0.18
3.486,3.80,-0.20
3.485,3.80,-0.22
3.484,3.81,-0.25
3.483,3.80,-0.29
3.482,3.79,-0.33
3.481,3.80,-0.36
3.48,3.82,-0.40
3.479,3.63,-0.38
3.478,3.80,-0.32
3.477,3.70,-0.29
3.476,3.64,-0.26
3.475,3.41,-0.24
3.474,3.31,-0.23
3.473,3.32,-0.21
3.472,3.21,-0.19
3.471,3.15,-0.18
3.47,3.04,-0.17
3.469,3.06,-0.14
3.468,2.99,-0.12
3.467,2.68,-0.12
3.466,3.01,-0.06
3.465,3.04,-0.04
3.464,3.19,-0.01
3.463,3.24,0.01
3.462,3.31,0.04
3.461,3.35,0.06
3.46,3.43,0.08
3.459,3.53,0.05
3.458,3.45,0.01
3.457,3.40,-0.03
3.456,3.35,-0.07
3.455,3.31,-0.11
3.454,3.31,-0.12
3.453,3.29,-0.12
3.452,3.32,-0.12
3.451,3.34,-0.12
3.45,3.34,-0.13
3.449,3.43,-0.13
3.448,3.41,-0.15
3.447,3.33,-0.17
3.446,3.29,-0.18
3.445,3.28,-0.20
3.444,3.08,-0.23
3.443,3.19,-0.24
3.442,3.26,-0.25
3.441,3.25,-0.27
3.44,3.50,-0.27
3.439,3.38,-0.28
3.438,3.28,-0.28
3.437,3.26,-0.28
3.436,3.22,-0.28
3.435,3.12,-0.28
3.434,3.35,-0.23
3.433,3.26,-0.21
3.432,3.24,-0.18
3.431,3.01,-0.18
3.43,3.03,-0.15
3.429,3.03,-0.13
3.428,3.04,-0.11
3.427,3.12,-0.08
3.426,3.14,-0.06
3.425,3.13,-0.04
3.424,3.11,-0.04
3.423,3.15,-0.05
3.422,3.25,-0.04
3.421,3.41,-0.03
3.42,3.25,-0.05
3.419,3.39,-0.07
3.418,3.61,-0.08
3.417,3.51,-0.12
3.416,3.60,-0.14
3.415,3.46,-0.18
3.414,3.52,-0.16
3.413,3.51,-0.15
3.412,3.54,-0.13
3.411,3.49,-0.12
3.41,3.44,-0.11
3.409,3.42,-0.10
3.408,3.44,-0.09
3.407,3.40,-0.09
3.406,3.36,-0.08
3.405,3.18,-0.09
3.404,3.08,-0.10
3.403,3.04,-0.10
3.402,3.10,-0.09
3.401,3.18,-0.07
3.4,3.15,-0.07
3.399,3.08,-0.08
3.398,3.05,-0.08
3.397,3.09,-0.07
3.396,3.07,-0.07
3.395,3.14,-0.06
3.394,3.34,-0.02
3.393,3.17,-0.01
3.392,3.17,0.01
3.391,3.21,0.04
3.39,3.23,0.07
3.389,3.21,0.08
3.388,3.23,0.11
3.387,3.10,0.12
3.386,3.00,0.13
3.385,3.03,0.15
3.384,3.02,0.15
3.383,3.06,0.16
3.382,2.91,0.15
3.381,2.91,0.16
3.38,3.02,0.18
3.379,2.86,0.14
3.378,2.79,0.12
3.377,2.77,0.10
3.376,2.85,0.09
3.375,2.88,0.07
3.374,2.96,0.04
3.373,3.01,0.01
3.372,2.89,-0.04
3.371,3.07,-0.06
3.37,3.01,-0.10
3.369,3.09,-0.10
3.368,3.17,-0.09
3.367,3.11,-0.10
3.366,3.26,-0.09
3.365,3.52,-0.06
3.364,3.29,-0.07
3.363,3.36,-0.04
3.362,3.38,-0.02
3.361,3.47,0.01
3.36,3.37,0.02
3.359,3.37,0.01
3.358,3.36,-0.01
3.357,3.30,-0.03
3.356,3.40,-0.03
3.355,3.28,-0.05
3.354,3.24,-0.04
3.353,3.21,-0.02
3.352,3.20,0.00
3.351,2.71,-0.03
3.35,2.64,-0.01
3.349,2.63,0.01
3.348,2.63,0.03
3.347,2.54,0.04
3.346,2.52,0.06
3.345,2.49,0.07
3.344,2.52,0.07
3.343,2.55,0.07
3.342,2.50,0.06
3.341,2.56,0.05
3.34,2.65,0.06
3.339,2.47,0.04
3.338,2.55,0.04
3.337,2.56,0.04
3.336,2.59,0.03
3.335,2.73,0.04
3.334,2.75,0.04
3.333,2.66,0.02
3.332,2.48,0.00
3.331,2.48,0.00
3.33,2.43,-0.02
3.329,2.50,-0.02
3.328,2.49,-0.04
3.327,2.50,-0.05
3.326,2.51,-0.07
3.325,2.51,-0.08
3.324,2.59,-0.10
3.323,2.63,-0.11
3.322,2.64,-0.13
3.321,2.69,-0.15
3.32,2.76,-0.16
3.319,2.56,-0.15
3.318,2.57,-0.13
3.317,2.52,-0.10
3.316,2.47,-0.08
3.315,2.39,-0.06
3.314,2.34,-0.03
3.313,2.18,0.00
3.312,2.24,0.04
3.311,1.92,0.06
3.31,1.83,0.09
3.309,1.80,0.12
3.308,1.85,0.15
3.307,1.93,0.19
3.306,1.99,0.22
3.305,2.04,0.26
3.304,2.11,0.29
3.303,1.98,0.30
3.302,1.84,0.31
3.301,1.95,0.35
3.3,1.93,0.37
3.299,1.87,0.38
3.298,1.81,0.39
3.297,1.84,0.40
3.296,1.91,0.42
3.295,1.91,0.43
3.294,1.87,0.41
3.293,1.79,0.38
3.292,1.83,0.37
3.291,1.89,0.36
3.29,1.92,0.34
3.289,1.97,0.29
3.288,2.04,0.24
3.287,2.19,0.20
3.286,2.36,0.15
3.285,2.44,0.10
3.284,2.50,0.10
3.283,2.65,0.10
3.282,2.80,0.11
3.281,2.80,0.10
3.28,3.06,0.11
3.279,2.81,0.07
3.278,2.76,0.06
3.277,2.95,0.06
3.276,2.98,0.05
3.275,2.91,0.03
3.274,2.87,0.01
3.273,2.86,0.00
3.272,2.85,-0.01
3.271,2.79,-0.03
3.27,2.89,-0.03
3.269,2.92,-0.01
3.268,2.95,0.00
3.267,2.95,0.02
3.266,2.98,0.03
3.265,3.02,0.05
3.264,3.11,0.06
3.263,3.09,0.05
3.262,3.05,0.05
3.261,3.05,0.05
3.26,3.02,0.05
3.259,2.97,0.02
3.258,3.11,0.01
3.257,3.22,0.00
3.256,3.07,-0.04
3.255,2.90,-0.07
3.254,2.66,-0.10
3.253,2.63,-0.11
3.252,2.61,-0.12
3.251,2.62,-0.12
3.25,2.69,-0.12
3.249,2.68,-0.14
3.248,2.64,-0.17
3.247,2.57,-0.19
3.246,2.54,-0.22
3.245,2.61,-0.23
3.244,2.68,-0.24
3.243,2.67,-0.26
3.242,2.59,-0.28
3.241,2.65,-0.29
3.24,2.69,-0.30
3.239,2.55,-0.27
3.238,2.54,-0.22
3.237,2.54,-0.18
3.236,2.59,-0.13
3.235,2.62,-0.09
3.234,2.60,-0.09
3.233,2.64,-0.09
3.232,2.72,-0.09
3.231,2.70,-0.09
3.23,2.84,-0.08
3.229,2.73,-0.08
3.228,2.66,-0.07
3.227,2.76,-0.04
3.226,2.76,-0.02
3.225,2.65,-0.02
3.224,2.56,-0.05
3.223,2.55,-0.07
3.222,2.62,-0.09
3.221,2.68,-0.10
3.22,2.72,-0.12
3.219,2.65,-0.12
3.218,2.61,-0.12
3.217,2.65,-0.11
3.216,2.70,-0.10
3.215,2.65,-0.10
3.214,2.74,-0.11
3.213,2.80,-0.11
3.212,2.82,-0.12
3.211,2.82,-0.13
3.21,2.87,-0.14
3.209,2.99,-0.13
3.208,2.98,-0.13
3.207,2.94,-0.13
3.206,2.91,-0.13
3.205,2.93,-0.12
3.204,3.00,-0.13
3.203,2.98,-0.15
3.202,2.90,-0.18
3.201,3.00,-0.18
3.2,3.03,-0.19
3.199,3.02,-0.16
3.198,2.98,-0.13
3.197,2.97,-0.10
3.196,3.00,-0.06
3.195,3.08,-0.02
3.194,3.02,-0.05
3.193,2.89,-0.10
3.192,2.79,-0.14
3.191,2.70,-0.18
3.19,2.91,-0.19
3.189,2.74,-0.19
3.188,2.74,-0.16
3.187,2.71,-0.14
3.186,2.68,-0.12
3.185,2.71,-0.09
3.184,2.64,-0.10
3.183,2.58,-0.11
3.182,2.50,-0.11
3.181,2.48,-0.11
3.18,2.46,-0.12
3.179,2.52,-0.10
3.178,2.54,-0.09
3.177,2.51,-0.08
3.176,2.53,-0.07
3.175,2.57,-0.06
3.174,2.63,-0.04
3.173,2.61,-0.04
3.172,2.56,-0.04
3.171,2.60,-0.03
3.17,2.61,-0.02
3.169,2.72,-0.04
3.168,2.77,-0.07
3.167,2.83,-0.09
3.166,2.87,-0.12
3.165,2.86,-0.15
3.164,2.91,-0.16
3.163,2.92,-0.17
3.162,2.94,-0.19
3.161,3.02,-0.19
3.16,3.03,-0.20
3.159,3.20,-0.20
3.158,3.30,-0.19
3.157,3.20,-0.21
3.156,3.27,-0.21
3.155,3.29,-0.22
3.154,3.16,-0.18
3.153,3.16,-0.13
3.152,3.13,-0.08
3.151,3.08,-0.04
3.15,2.93,0.00
3.149,2.93,0.02
3.148,2.84,0.04
3.147,2.74,0.05
3.146,2.76,0.08
3.145,2.55,0.09
3.144,2.41,0.11
3.143,2.27,0.14
3.142,2.06,0.16
3.141,2.09,0.20
3.14,2.10,0.24
3.139,2.18,0.25
3.138,2.17,0.25
3.137,2.27,0.26
3.136,2.36,0.27
3.135,2.53,0.28
3.134,2.61,0.28
3.133,2.69,0.27
3.132,2.69,0.25
3.131,2.77,0.24
3.13,2.78,0.23
3.129,2.65,0.20
3.128,2.72,0.19
3.127,2.78,0.17
3.126,2.78,0.15
3.125,2.67,0.13
3.124,2.72,0.13
3.123,2.87,0.14
3.122,2.77,0.12
3.121,2.80,0.12
3.12,2.85,0.12
3.119,2.91,0.10
3.118,2.83,0.07
3.117,2.99,0.05
3.116,3.03,0.03
3.115,3.12,0.01
3.114,3.12,-0.01
3.113,3.17,-0.02
3.112,3.14,-0.04
3.111,3.14,-0.06
3.11,3.14,-0.08
3.109,3.13,-0.06
3.108,3.13,-0.05
3.107,3.19,-0.03
3.106,3.17,-0.01
3.105,3.18,0.01
3.104,3.29,0.03
3.103,3.27,0.04
3.102,3.24,0.05
3.101,3.22,0.07
3.1,3.25,0.08
3.099,3.23,0.07
3.098,3.23,0.05
3.097,3.24,0.03
3.096,3.25,0.02
3.095,3.26,0.00
3.094,3.28,-0.01
3.093,3.29,-0.02
3.092,3.24,-0.03
3.091,3.11,-0.06
3.09,3.07,-0.07
3.089,2.99,-0.09
3.088,3.02,-0.11
3.087,2.95,-0.13
3.086,3.07,-0.13
3.085,3.12,-0.14
3.084,3.13,-0.13
3.083,3.17,-0.12
3.082,3.23,-0.11
3.081,3.35,-0.09
3.08,3.18,-0.10
3.079,3.22,-0.12
3.078,3.21,-0.13
3.077,3.17,-0.15
3.076,3.08,-0.17
3.075,3.06,-0.19
3.074,2.99,-0.16
3.073,2.93,-0.14
3.072,2.80,-0.11
3.071,2.82,-0.08
3.07,2.68,-0.06
3.069,2.68,-0.04
3.068,2.59,-0.04
3.067,2.68,-0.02
3.066,2.76,0.00
3.065,2.93,0.03
3.064,2.75,0.01
3.063,2.66,0.00
3.062,2.60,0.00
3.061,2.57,-0.01
3.06,2.58,-0.01
3.059,2.58,0.00
3.058,2.56,0.01
3.057,2.61,0.03
3.056,2.49,0.03
3.055,2.42,0.03
3.054,2.41,0.06
3.053,2.43,0.08
3.052,2.31,0.10
3.051,2.26,0.12
3.05,2.27,0.15
3.049,2.15,0.14
3.048,2.15,0.14
3.047,2.13,0.13
3.046,2.16,0.14
3.045,2.09,0.13
3.044,2.23,0.11
3.043,2.08,0.05
3.042,2.07,0.01
3.041,2.12,-0.02
3.04,2.05,-0.06
3.039,2.08,-0.08
3.038,2.05,-0.10
3.037,2.11,-0.11
3.036,2.20,-0.12
3.035,2.18,-0.14
3.034,2.19,-0.13
3.033,2.18,-0.12
3.032,2.13,-0.11
3.031,2.09,-0.10
3.03,2.04,-0.10
3.029,1.95,-0.05
3.028,1.90,-0.01
3.027,1.85,0.04
3.026,1.80,0.09
3.025,1.77,0.14
3.024,1.78,0.13
3.023,1.83,0.13
3.022,1.81,0.13
3.021,1.87,0.13
3.02,1.82,0.12
3.019,1.76,0.14
3.018,1.74,0.16
3.017,1.75,0.18
3.016,1.70,0.20
3.015,1.69,0.22
3.014,1.71,0.23
3.013,1.78,0.25
3.012,1.65,0.25
3.011,1.62,0.26
3.01,1.67,0.28
3.009,1.64,0.27
3.008,1.70,0.26
3.007,1.91,0.27
3.006,1.85,0.25
3.005,1.93,0.25
3.004,2.05,0.24
3.003,2.08,0.23
3.002,1.93,0.20
3.001,2.30,0.21
3,2.41,0.20
2.999,2.40,0.16
2.998,2.42,0.11
2.997,2.36,0.07
2.996,2.34,0.04
2.995,2.31,0.00
2.994,2.19,-0.01
2.993,2.17,-0.01
2.992,2.03,-0.03
2.991,1.93,-0.04
2.99,1.94,-0.04
2.989,1.89,-0.07
2.988,1.89,-0.09
2.987,1.94,-0.06
2.986,2.04,-0.03
2.985,1.91,-0.01
2.984,1.84,0.02
2.983,1.75,0.06
2.982,1.84,0.12
2.981,1.85,0.17
2.98,1.85,0.23
2.979,1.86,0.21
2.978,2.00,0.20
2.977,2.05,0.22
2.976,2.11,0.24
2.975,2.04,0.25
2.974,2.22,0.24
2.973,2.41,0.23
2.972,2.35,0.21
2.971,2.37,0.20
2.97,2.46,0.19
2.969,2.55,0.17
2.968,2.58,0.14
2.967,2.59,0.10
2.966,2.71,0.08
2.965,2.72,0.04
2.964,2.76,0.06
2.963,2.74,0.07
2.962,2.76,0.05
2.961,2.66,0.02
2.96,2.68,0.00
2.959,2.80,0.09
2.958,2.71,0.16
2.957,2.69,0.08
2.956,2.87,0.02
2.955,2.84,-0.07
2.954,2.90,-0.10
2.953,2.94,-0.13
2.952,2.89,-0.17
2.951,2.84,-0.21
2.95,2.80,-0.26
2.949,2.79,-0.26
2.948,2.89,-0.26
2.947,2.89,-0.23
2.946,2.95,-0.19
2.945,2.93,-0.16
2.944,2.94,-0.11
2.943,2.94,-0.06
2.942,2.95,-0.07
2.941,2.89,-0.07
2.94,2.76,-0.09
2.939,2.67,-0.03
2.938,2.61,0.04
2.937,2.57,0.09
2.936,2.57,0.14
2.935,2.42,0.18
2.934,2.30,0.23
2.933,2.13,0.27
2.932,1.98,0.32
2.931,1.90,0.37
2.93,1.79,0.43
2.929,1.66,0.31
2.928,1.59,0.19
2.927,1.60,0.24
2.926,1.60,0.28
2.925,1.61,0.32
2.924,1.73,0.29
2.923,1.81,0.25
2.922,1.89,0.24
2.921,1.93,0.23
2.92,1.86,0.21
2.919,1.84,0.13
2.918,1.82,0.05
2.917,1.89,0.09
2.916,1.89,0.12
2.915,1.94,0.15
2.914,2.07,0.14
2.913,2.15,0.12
2.912,2.13,0.12
2.911,2.28,0.14
2.91,2.26,0.14
2.909,2.25,0.10
2.908,2.24,0.05
2.907,2.31,0.04
2.906,2.45,0.03
2.905,2.46,0.01
2.904,2.55,0.00
2.903,2.66,-0.01
2.902,2.64,0.01
2.901,2.46,0.01
2.9,2.38,0.02
2.899,2.45,-0.02
2.898,2.47,-0.06
2.897,2.48,-0.02
2.896,2.39,0.02
2.895,2.42,0.06
2.894,2.36,0.08
2.893,2.41,0.10
2.892,2.33,0.15
2.891,2.32,0.22
2.89,2.36,0.28
2.889,2.44,0.30
2.888,2.32,0.31
2.887,2.26,0.30
2.886,2.11,0.28
2.885,2.13,0.28
2.884,2.11,0.26
2.883,2.09,0.25
2.882,2.10,0.27
2.881,2.09,0.28
2.88,2.13,0.30
2.879,2.17,0.32
2.878,2.28,0.34
2.877,2.40,0.36
2.876,2.48,0.38
2.875,2.51,0.40
2.874,2.57,0.29
2.873,2.69,0.18
2.872,2.53,0.19
2.871,2.52,0.21
2.87,2.54,0.24
2.869,2.51,0.17
2.868,2.47,0.09
2.867,2.48,0.10
2.866,2.46,0.10
2.865,2.39,0.10
2.864,2.42,0.05
2.863,2.45,0.01
2.862,2.39,0.02
2.861,2.32,0.03
2.86,2.21,0.04
2.859,2.13,-0.03
2.858,2.17,-0.09
2.857,2.08,-0.02
2.856,2.08,0.07
2.855,2.13,0.15
2.854,2.27,0.24
2.853,2.23,0.32
2.852,2.29,0.32
2.851,2.21,0.30
2.85,2.19,0.29
2.849,2.22,0.30
2.848,2.33,0.33
2.847,2.43,0.29
2.846,2.53,0.26
2.845,2.55,0.22
2.844,2.54,0.26
2.843,2.57,0.30
2.842,2.68,0.31
2.841,2.79,0.32
2.84,2.96,0.33
2.839,2.87,0.31
2.838,2.88,0.30
2.837,2.90,0.24
2.836,2.99,0.19
2.835,2.96,0.13
2.834,2.96,0.10
2.833,3.13,0.08
2.832,3.01,0.06
2.831,2.97,0.04
2.83,2.83,0.01
2.829,2.81,0.01
2.828,2.72,0.00
2.827,2.67,0.01
2.826,2.67,0.03
2.825,2.63,0.05
2.824,2.77,0.06
2.823,2.69,0.04
2.822,2.64,0.14
2.821,2.69,0.25
2.82,2.67,0.35
2.819,2.60,0.35
2.818,2.59,0.36
2.817,2.47,0.35
2.816,2.52,0.36
2.815,2.42,0.35
2.814,2.38,0.42
2.813,2.32,0.49
2.812,2.25,0.50
2.811,2.04,0.50
2.81,2.07,0.52
2.809,2.05,0.53
2.808,2.10,0.56
2.807,2.13,0.55
2.806,2.07,0.54
2.805,1.95,0.52
2.804,1.97,0.55
2.803,1.97,0.57
2.802,2.12,0.45
2.801,2.15,0.33
2.8,2.09,0.19
2.799,2.15,0.29
2.798,2.19,0.38
2.797,2.28,0.34
2.796,2.20,0.29
2.795,2.47,0.26
2.794,2.65,0.23
2.793,2.61,0.17
2.792,2.57,0.14
2.791,2.47,0.10
2.79,2.57,0.08
2.789,2.67,0.08
2.788,2.62,0.07
2.787,2.54,0.06
2.786,2.59,0.06
2.785,2.56,0.05
2.784,2.54,0.00
2.783,2.61,-0.04
2.782,2.63,-0.03
2.781,2.58,-0.03
2.78,2.40,-0.04
2.779,2.34,-0.03
2.778,2.37,-0.01
2.777,2.23,-0.03
2.776,2.14,-0.04
2.775,2.15,-0.04
2.774,2.09,-0.04
2.773,2.01,-0.04
2.772,1.71,-0.07
2.771,1.72,-0.06
2.77,1.78,-0.06
2.769,1.71,0.01
2.768,1.76,0.08
2.767,1.78,0.08
2.766,1.90,0.10
2.765,1.89,0.10
2.764,1.95,0.13
2.763,2.01,0.17
2.762,2.06,0.19
2.761,1.99,0.21
2.76,2.21,0.25
2.759,2.12,0.14
2.758,2.18,0.05
2.757,2.24,0.03
2.756,2.27,0.01
2.755,2.29,-0.01
2.754,2.27,-0.02
2.753,2.23,-0.03
2.752,2.18,-0.05
2.751,2.25,-0.05
2.75,2.28,-0.06
2.749,2.29,-0.05
2.748,2.19,-0.05
2.747,2.14,-0.05
2.746,2.12,-0.05
2.745,2.12,-0.05
2.744,1.99,-0.10
2.743,1.92,-0.15
2.742,1.83,-0.13
2.741,1.74,-0.10
2.74,1.58,-0.09
2.739,1.50,-0.09
2.738,1.54,-0.09
2.737,1.58,-0.01
2.736,1.63,0.08
2.735,1.64,0.16
2.734,1.62,0.22
2.733,1.65,0.28
2.732,1.73,0.31
2.731,1.77,0.35
2.73,1.71,0.37
2.729,1.75,0.41
2.728,1.78,0.45
2.727,1.79,0.46
2.726,1.89,0.48
2.725,1.69,0.47
2.724,1.87,0.52
2.723,1.89,0.55
2.722,1.88,0.54
2.721,1.76,0.52
2.72,1.62,0.49
2.719,1.47,0.52
2.718,1.44,0.57
2.717,1.52,0.55
2.716,1.50,0.53
2.715,1.38,0.50
2.714,1.33,0.50
2.713,1.26,0.50
2.712,1.11,0.48
2.711,1.04,0.46
2.71,1.62,0.50
2.709,1.44,0.50
2.708,1.44,0.52
2.707,1.57,0.49
2.706,1.61,0.45
2.705,1.81,0.42
2.704,1.87,0.34
2.703,1.99,0.26
2.702,2.12,0.32
2.701,2.10,0.38
2.7,2.14,0.43
2.699,2.11,0.40
2.698,2.20,0.39
2.697,2.18,0.39
2.696,2.06,0.38
2.695,1.98,0.38
2.694,2.10,0.40
2.693,1.72,0.37
2.692,1.71,0.45
2.691,1.73,0.52
2.69,1.80,0.61
2.689,1.76,0.58
2.688,1.81,0.56
2.687,1.89,0.56
2.686,1.96,0.56
2.685,2.09,0.56
2.684,2.31,0.56
2.683,2.19,0.53
2.682,2.21,0.44
2.681,2.29,0.36
2.68,2.25,0.26
2.679,2.26,0.23
2.678,2.29,0.20
2.677,2.45,0.18
2.676,2.42,0.14
2.675,2.47,0.12
2.674,2.49,0.12
2.673,2.56,0.12
2.672,2.55,0.12
2.671,2.50,0.10
2.67,2.53,0.10
2.669,2.55,0.10
2.668,2.45,0.09
2.667,2.54,0.09
2.666,2.58,0.08
2.665,2.65,0.08
2.664,2.51,0.03
2.663,2.51,0.00
2.662,2.45,0.02
2.661,2.45,0.04
2.66,2.42,0.07
2.659,2.42,0.01
2.658,2.18,-0.07
2.657,2.21,-0.02
2.656,2.22,0.03
2.655,2.04,0.06
2.654,1.99,0.02
2.653,1.88,-0.02
2.652,1.74,0.05
2.651,1.62,0.12
2.65,1.65,0.21
2.649,1.36,0.29
2.648,1.29,0.39
2.647,1.27,0.42
2.646,1.14,0.44
2.645,1.23,0.48
2.644,1.39,0.44
2.643,1.64,0.40
2.642,1.64,0.40
2.641,1.57,0.41
2.64,1.39,0.40
2.639,1.41,0.39
2.638,1.28,0.38
2.637,1.10,0.32
2.636,1.41,0.30
2.635,1.43,0.25
2.634,1.59,0.25
2.633,1.64,0.23
2.632,1.72,0.16
2.631,1.58,0.08
2.63,1.72,0.02
2.629,1.75,0.04
2.628,1.73,0.05
2.627,1.75,0.04
2.626,1.78,0.04
2.625,1.81,0.03
2.624,1.77,0.09
2.623,1.73,0.14
2.622,1.76,0.14
2.621,1.94,0.15
2.62,1.93,0.15
2.619,1.86,0.23
2.618,1.79,0.31
2.617,1.62,0.25
2.616,1.63,0.21
2.615,1.82,0.18
2.614,1.81,0.31
2.613,1.81,0.44
2.612,1.81,0.49
2.611,1.77,0.53
2.61,1.68,0.57
2.609,1.53,0.55
2.608,1.52,0.53
2.607,1.51,0.57
2.606,1.40,0.60
2.605,1.33,0.64
2.604,1.30,0.57
2.603,1.31,0.50
2.602,1.29,0.53
2.601,1.27,0.55
2.6,1.55,0.60
2.599,1.52,0.49
2.598,1.56,0.38
2.597,1.65,0.35
2.596,1.70,0.32
2.595,1.69,0.29
2.594,1.75,0.22
2.593,1.88,0.15
2.592,1.90,0.12
2.591,2.04,0.10
2.59,2.03,0.07
2.589,2.09,0.09
2.588,2.10,0.11
2.587,2.30,0.12
2.586,2.28,0.12
2.585,2.30,0.12
2.584,2.37,0.10
2.583,2.30,0.07
2.582,2.35,0.11
2.581,2.46,0.15
2.58,2.36,0.17
2.579,2.37,0.11
2.578,2.43,0.05
2.577,2.46,0.11
2.576,2.52,0.17
2.575,2.47,0.23
2.574,2.37,0.27
2.573,2.25,0.31
2.572,2.08,0.29
2.571,2.07,0.30
2.57,2.10,0.31
2.569,2.06,0.27
2.568,1.91,0.22
2.567,2.00,0.28
2.566,1.95,0.33
2.565,1.83,0.38
2.564,1.74,0.36
2.563,1.75,0.35
2.562,1.72,0.33
2.561,1.82,0.32
2.56,1.86,0.30
2.559,1.88,0.27
2.558,2.02,0.24
2.557,1.99,0.20
2.556,2.08,0.16
2.555,2.14,0.13
2.554,2.29,0.08
2.553,2.33,0.01
2.552,2.42,0.03
2.551,2.43,0.03
2.55,2.30,0.03
2.549,2.41,-0.01
2.548,2.39,-0.05
2.547,2.40,-0.01
2.546,2.25,0.02
2.545,2.07,0.05
2.544,2.07,0.11
2.543,2.16,0.18
2.542,2.04,0.24
2.541,1.96,0.30
2.54,1.88,0.37
2.539,1.64,0.37
2.538,1.39,0.38
2.537,1.06,0.44
2.536,0.93,0.53
2.535,0.97,0.63
2.534,0.93,0.63
2.533,0.82,0.62
2.532,0.67,0.62
2.531,0.67,0.63
2.53,0.70,0.64
2.529,0.46,0.70
2.528,0.54,0.78
2.527,0.41,0.79
2.526,0.42,0.81
2.525,0.37,0.83
2.524,0.68,0.84
2.523,0.56,0.82
2.522,0.37,0.84
2.521,-0.14,0.84
2.52,-0.20,0.88
2.519,-0.10,0.84
2.518,0.19,0.81
2.517,0.38,0.71
2.516,0.54,0.60
2.515,0.60,0.49
2.514,0.52,0.33
2.513,0.73,0.19
2.512,0.79,0.27
2.511,0.87,0.36
2.51,1.15,0.46
2.509,1.48,0.41
2.508,1.70,0.34
2.507,1.97,0.34
2.506,2.16,0.33
2.505,2.25,0.31
2.504,2.28,0.24
2.503,2.32,0.17
2.502,2.14,0.12
2.501,2.15,0.09
2.5,2.06,0.06
2.499,1.82,0.20
2.498,1.73,0.35
2.497,1.61,0.36
2.496,1.48,0.37
2.495,1.17,0.37
2.494,1.04,0.31
2.493,0.94,0.25
2.492,0.83,0.37
2.491,0.77,0.50
2.49,0.72,0.63
2.489,0.66,0.69
2.488,0.65,0.75
2.487,0.76,0.76
2.486,0.88,0.76
2.485,0.85,0.76
2.484,0.94,0.76
2.483,1.00,0.76
2.482,1.25,0.71
2.481,1.23,0.63
2.48,1.22,0.56
2.479,1.26,0.55
2.478,1.68,0.57
2.477,1.62,0.51
2.476,1.59,0.44
2.475,1.51,0.38
2.474,1.71,0.37
2.473,1.86,0.36
2.472,1.78,0.28
2.471,1.78,0.20
2.47,1.70,0.12
2.469,1.75,0.08
2.468,1.77,0.04
2.467,1.56,0.05
2.466,1.67,0.09
2.465,1.63,0.11
2.464,1.62,0.04
2.463,1.62,-0.04
2.462,1.56,0.00
2.461,1.76,0.05
2.46,1.70,0.09
2.459,1.58,0.13
2.458,1.51,0.18
2.457,1.36,0.17
2.456,1.40,0.17
2.455,1.40,0.16
2.454,1.29,0.28
2.453,1.16,0.40
2.452,1.07,0.40
2.451,0.96,0.41
2.45,0.92,0.42
2.449,0.80,0.46
2.448,0.97,0.52
2.447,0.87,0.56
2.446,0.85,0.61
2.445,0.80,0.65
2.444,0.82,0.71
2.443,0.80,0.76
2.442,0.80,0.70
2.441,0.81,0.64
2.44,0.89,0.58
2.439,0.75,0.69
2.438,0.69,0.81
2.437,0.65,0.78
2.436,0.65,0.74
2.435,0.72,0.71
2.434,0.84,0.85
2.433,0.70,0.97
2.432,0.92,0.92
2.431,1.16,0.88
2.43,1.30,0.82
2.429,1.42,0.70
2.428,1.84,0.60
2.427,1.93,0.57
2.426,2.14,0.56
2.425,2.49,0.55
2.424,2.49,0.48
2.423,2.44,0.41
2.422,2.53,0.38
2.421,2.52,0.35
2.42,2.51,0.32
2.419,2.35,0.23
2.418,2.20,0.15
2.417,2.25,0.17
2.416,2.59,0.22
2.415,2.22,0.21
2.414,2.34,0.21
2.413,2.37,0.20
2.412,2.27,0.15
2.411,2.26,0.10
2.41,2.12,0.05
2.409,2.06,0.13
2.408,1.93,0.21
2.407,1.74,0.25
2.406,1.59,0.29
2.405,1.54,0.34
2.404,1.76,0.39
2.403,1.80,0.43
2.402,1.78,0.41
2.401,1.79,0.40
2.4,1.84,0.38
2.399,1.79,0.40
2.398,1.86,0.42
2.397,1.98,0.36
2.396,2.07,0.31
2.395,2.12,0.25
2.394,2.12,0.27
2.393,1.99,0.28
2.392,2.06,0.31
2.391,1.97,0.32
2.39,1.86,0.34
2.389,1.76,0.20
2.388,1.81,0.07
2.387,1.69,0.07
2.386,1.60,0.06
2.385,1.66,0.07
2.384,1.69,0.02
2.383,1.66,-0.03
2.382,1.77,0.01
2.381,1.74,0.04
2.38,1.84,0.09
2.379,1.72,0.11
2.378,1.60,0.13
2.377,1.49,0.12
2.376,1.26,0.11
2.375,1.05,0.10
2.374,1.10,0.20
2.373,0.93,0.27
2.372,0.78,0.33
2.371,1.00,0.43
2.37,1.11,0.52
2.369,0.94,0.52
2.368,0.96,0.54
2.367,0.92,0.51
2.366,0.89,0.49
2.365,0.77,0.45
2.364,0.55,0.42
2.363,0.65,0.42
2.362,0.71,0.44
2.361,0.58,0.44
2.36,0.61,0.46
2.359,0.67,0.54
2.358,0.60,0.62
2.357,0.95,0.59
2.356,0.95,0.53
2.355,1.24,0.50
2.354,1.34,0.48
2.353,1.51,0.47
2.352,1.57,0.43
2.351,1.81,0.40
2.35,1.89,0.36
2.349,2.02,0.25
2.348,1.88,0.10
2.347,1.97,0.07
2.346,2.01,0.03
2.345,1.88,-0.02
2.344,1.69,0.00
2.343,1.97,0.05
2.342,1.97,0.03
2.341,2.09,0.02
2.34,1.84,-0.02
2.339,1.80,0.07
2.338,1.82,0.16
2.337,1.67,0.20
2.336,1.72,0.26
2.335,1.54,0.29
2.334,1.34,0.32
2.333,1.54,0.39
2.332,1.23,0.35
2.331,1.17,0.33
2.33,0.92,0.29
2.329,0.93,0.37
2.328,0.98,0.46
2.327,1.10,0.36
2.326,1.24,0.27
2.325,1.56,0.20
2.324,1.63,0.33
2.323,1.80,0.47
2.322,1.49,0.48
2.321,1.56,0.53
2.32,1.56,0.57
2.319,1.26,0.52
2.318,1.31,0.51
2.317,1.33,0.50
2.316,1.20,0.47
2.315,1.05,0.45
2.314,0.94,0.45
2.313,1.31,0.49
2.312,1.26,0.48
2.311,1.35,0.48
2.31,1.55,0.49
2.309,1.60,0.36
2.308,1.55,0.23
2.307,1.52,0.27
2.306,1.52,0.31
2.305,1.64,0.36
2.304,1.69,0.28
2.303,1.74,0.19
2.302,1.76,0.15
2.301,1.79,0.11
2.3,1.77,0.07
2.299,1.76,0.10
2.298,1.77,0.13
2.297,1.84,0.14
2.296,1.79,0.14
2.295,1.75,0.14
2.294,1.73,0.19
2.293,1.76,0.25
2.292,1.79,0.30
2.291,1.69,0.34
2.29,1.28,0.36
2.289,1.54,0.40
2.288,1.56,0.43
2.287,1.36,0.46
2.286,1.28,0.51
2.285,1.26,0.56
2.284,1.29,0.61
2.283,1.29,0.67
2.282,1.31,0.67
2.281,1.32,0.68
2.28,1.24,0.67
2.279,1.04,0.64
2.278,1.21,0.63
2.277,1.30,0.65
2.276,1.40,0.66
2.275,1.52,0.68
2.274,1.62,0.47
2.273,1.55,0.24
2.272,1.61,0.29
2.271,1.71,0.34
2.27,1.81,0.39
2.269,1.76,0.27
2.268,1.77,0.15
2.267,1.91,0.16
2.266,1.85,0.14
2.265,1.71,0.12
2.264,1.63,0.03
2.263,1.62,-0.06
2.262,1.56,-0.07
2.261,1.45,-0.09
2.26,1.27,-0.11
2.259,1.10,-0.03
2.258,1.07,0.05
2.257,1.05,0.08
2.256,0.97,0.10
2.255,0.91,0.12
2.254,0.86,0.25
2.253,0.78,0.37
2.252,0.78,0.39
2.251,0.61,0.39
2.25,0.66,0.41
2.249,0.60,0.41
2.248,0.57,0.41
2.247,0.67,0.43
2.246,0.61,0.44
2.245,0.52,0.45
2.244,0.58,0.50
2.243,0.72,0.57
2.242,0.78,0.60
2.241,0.77,0.63
2.24,0.91,0.67
2.239,0.89,0.56
2.238,1.03,0.47
2.237,1.24,0.42
2.236,1.36,0.36
2.235,1.48,0.31
2.234,1.55,0.28
2.233,1.68,0.26
2.232,1.67,0.24
2.231,1.70,0.21
2.23,1.67,0.18
2.229,1.66,0.19
2.228,1.87,0.22
2.227,1.62,0.19
2.226,1.51,0.18
2.225,1.41,0.16
2.224,1.33,0.21
2.223,1.32,0.26
2.222,1.32,0.28
2.221,1.56,0.32
2.22,1.39,0.32
2.219,1.23,0.36
2.218,1.46,0.44
2.217,1.53,0.37
2.216,1.11,0.27
2.215,1.12,0.20
2.214,1.34,0.26
2.213,1.34,0.30
2.212,1.33,0.33
2.211,1.31,0.36
2.21,1.22,0.38
2.209,1.41,0.48
2.208,1.44,0.57
2.207,1.27,0.56
2.206,1.38,0.57
2.205,1.32,0.57
2.204,1.25,0.61
2.203,1.13,0.65
2.202,1.12,0.62
2.201,1.17,0.59
2.2,1.01,0.55
2.199,0.87,0.53
2.198,0.70,0.50
2.197,0.83,0.47
2.196,0.84,0.43
2.195,1.13,0.41
2.194,1.26,0.44
2.193,1.31,0.47
2.192,1.23,0.42
2.191,1.11,0.37
2.19,1.17,0.34
2.189,1.17,0.23
2.188,1.23,0.12
2.187,1.22,0.15
2.186,1.23,0.17
2.185,1.22,0.20
2.184,1.21,0.16
2.183,1.25,0.13
2.182,1.42,0.15
2.181,1.14,0.13
2.18,1.06,0.13
2.179,1.23,0.15
2.178,1.28,0.17
2.177,1.26,0.22
2.176,1.14,0.26
2.175,1.05,0.31
2.174,0.97,0.37
2.173,0.88,0.42
2.172,0.79,0.43
2.171,0.72,0.44
2.17,0.63,0.45
2.169,0.62,0.49
2.168,0.46,0.51
2.167,0.40,0.53
2.166,0.26,0.54
2.165,0.14,0.56
2.164,0.12,0.56
2.163,0.00,0.56
2.162,-0.02,0.63
2.161,-0.06,0.69
2.16,-0.19,0.75
2.159,-0.16,0.75
2.158,0.07,0.76
2.157,-0.18,0.76
2.156,-0.16,0.79
2.155,-0.51,0.78
2.154,-0.46,0.85
2.153,-0.34,0.92
2.152,-0.25,0.88
2.151,0.03,0.85
2.15,0.12,0.82
2.149,0.26,0.68
2.148,0.25,0.52
2.147,0.25,0.49
2.146,0.39,0.47
2.145,0.49,0.44
2.144,0.83,0.35
2.143,1.09,0.25
2.142,1.32,0.20
2.141,1.58,0.15
2.14,1.84,0.11
2.139,2.02,0.10
2.138,2.05,0.09
2.137,1.96,0.06
2.136,1.87,0.04
2.135,1.98,0.03
2.134,2.04,0.10
2.133,2.00,0.17
2.132,2.00,0.13
2.131,1.95,0.09
2.13,1.85,0.04
2.129,1.64,0.14
2.128,1.49,0.25
2.127,1.31,0.27
2.126,1.17,0.30
2.125,1.22,0.35
2.124,1.28,0.45
2.123,1.28,0.56
2.122,1.18,0.52
2.121,1.06,0.48
2.12,0.91,0.43
2.119,0.85,0.43
2.118,0.82,0.42
2.117,0.77,0.35
2.116,0.76,0.28
2.115,0.92,0.22
2.114,0.93,0.21
2.113,0.90,0.20
2.112,0.92,0.22
2.111,0.75,0.22
2.11,0.74,0.24
2.109,0.61,0.26
2.108,0.51,0.29
2.107,0.42,0.30
2.106,0.54,0.32
2.105,0.48,0.34
2.104,0.46,0.30
2.103,0.45,0.26
2.102,0.41,0.23
2.101,0.46,0.20
2.1,0.42,0.16
2.099,0.48,0.18
2.098,0.38,0.18
2.097,0.36,0.21
2.096,0.46,0.24
2.095,0.53,0.27
2.094,0.54,0.36
2.093,0.48,0.44
2.092,0.49,0.45
2.091,0.42,0.45
2.09,0.19,0.45
2.089,0.24,0.54
2.088,0.18,0.64
2.087,-0.02,0.63
2.086,-0.19,0.63
2.085,-0.27,0.63
2.084,-0.31,0.69
2.083,-0.37,0.74
2.082,-0.44,0.68
2.081,-0.41,0.62
2.08,-0.47,0.55
2.079,-0.56,0.58
2.078,-0.46,0.63
2.077,-0.73,0.63
2.076,-0.70,0.66
2.075,-0.96,0.67
2.074,-0.76,0.74
2.073,-1.04,0.78
2.072,-1.00,0.81
2.071,-0.83,0.84
2.07,-0.85,0.87
2.069,-0.87,0.82
2.068,-0.64,0.79
2.067,-0.69,0.73
2.066,-0.36,0.70
2.065,-0.07,0.67
2.064,0.17,0.62
2.063,0.38,0.56
2.062,0.39,0.56
2.061,0.44,0.55
2.06,0.62,0.56
2.059,0.72,0.50
2.058,0.77,0.43
2.057,0.83,0.46
2.056,0.92,0.49
2.055,0.97,0.51
2.054,1.08,0.46
2.053,1.11,0.40
2.052,1.13,0.40
2.051,1.08,0.39
2.05,1.20,0.39
2.049,1.20,0.32
2.048,1.16,0.25
2.047,1.11,0.35
2.046,1.01,0.44
2.045,0.99,0.54
2.044,0.96,0.51
2.043,0.89,0.48
2.042,1.16,0.49
2.041,1.03,0.47
2.04,1.15,0.47
2.039,1.21,0.41
2.038,1.15,0.35
2.037,1.16,0.38
2.036,1.18,0.42
2.035,1.06,0.44
2.034,1.14,0.39
2.033,1.22,0.34
2.032,1.05,0.29
2.031,1.14,0.25
2.03,1.18,0.21
2.029,1.32,0.22
2.028,1.47,0.24
2.027,1.61,0.21
2.026,1.52,0.17
2.025,1.62,0.15
2.024,1.64,0.22
2.023,1.60,0.29
2.022,1.45,0.26
2.021,1.50,0.24
2.02,1.65,0.24
2.019,1.50,0.26
2.018,1.33,0.28
2.017,1.48,0.38
2.016,1.34,0.45
2.015,1.31,0.53
2.014,1.15,0.49
2.013,1.27,0.48
2.012,1.22,0.44
2.011,1.18,0.40
2.01,1.04,0.35
2.009,0.86,0.43
2.008,0.85,0.51
2.007,0.84,0.53
2.006,0.83,0.55
2.005,0.83,0.57
2.004,0.96,0.55
2.003,1.06,0.53
2.002,1.00,0.58
2.001,1.04,0.64
2,1.02,0.70
1.999,1.04,0.63
1.998,1.25,0.57
1.997,1.15,0.48
1.996,1.02,0.40
1.995,1.04,0.32
1.994,1.30,0.33
1.993,1.25,0.31
1.992,1.42,0.27
1.991,1.51,0.22
1.99,1.33,0.16
1.989,1.42,0.19
1.988,1.44,0.21
1.987,1.38,0.21
1.986,1.33,0.20
1.985,1.39,0.20
1.984,1.43,0.17
1.983,1.56,0.16
1.982,1.52,0.11
1.981,1.48,0.07
1.98,1.43,0.03
1.979,1.40,0.11
1.978,1.41,0.19
1.977,1.45,0.22
1.976,1.43,0.24
1.975,1.39,0.26
1.974,1.29,0.21
1.973,1.16,0.16
1.972,1.08,0.23
1.971,0.93,0.28
1.97,0.83,0.35
1.969,0.79,0.36
1.968,0.83,0.39
1.967,0.87,0.42
1.966,0.84,0.45
1.965,0.94,0.50
1.964,0.98,0.50
1.963,1.01,0.51
1.962,0.90,0.51
1.961,0.70,0.49
1.96,0.47,0.48
1.959,0.33,0.46
1.958,0.23,0.45
1.957,0.11,0.46
1.956,0.32,0.50
1.955,0.35,0.52
1.954,0.28,0.56
1.953,0.21,0.61
1.952,0.05,0.62
1.951,-0.02,0.63
1.95,-0.04,0.65
1.949,0.17,0.75
1.948,0.24,0.84
1.947,0.24,0.80
1.946,0.39,0.78
1.945,0.53,0.75
1.944,0.66,0.70
1.943,0.83,0.65
1.942,0.94,0.55
1.941,0.97,0.44
1.94,1.38,0.36
1.939,1.38,0.31
1.938,1.37,0.26
1.937,1.30,0.22
1.936,1.34,0.19
1.935,1.56,0.17
1.934,1.68,0.23
1.933,1.56,0.26
1.932,1.71,0.28
1.931,1.66,0.28
1.93,1.52,0.27
1.929,1.47,0.27
1.928,1.55,0.29
1.927,1.54,0.34
1.926,1.53,0.40
1.925,1.57,0.45
1.924,1.66,0.44
1.923,1.60,0.41
1.922,1.43,0.43
1.921,1.40,0.45
1.92,1.33,0.47
1.919,1.31,0.48
1.918,1.30,0.49
1.917,1.18,0.48
1.916,1.05,0.46
1.915,1.01,0.45
1.914,0.95,0.51
1.913,1.12,0.58
1.912,1.15,0.61
1.911,1.18,0.63
1.91,1.22,0.65
1.909,0.93,0.72
1.908,0.90,0.81
1.907,0.80,0.78
1.906,0.64,0.75
1.905,0.58,0.72
1.904,0.65,0.73
1.903,0.58,0.73
1.902,0.48,0.69
1.901,0.60,0.67
1.9,0.61,0.64
1.899,0.75,0.53
1.898,0.33,0.37
1.897,0.54,0.39
1.896,0.74,0.40
1.895,0.67,0.39
1.894,0.80,0.30
1.893,0.64,0.19
1.892,0.68,0.20
1.891,0.75,0.22
1.89,0.86,0.24
1.889,0.87,0.17
1.888,0.85,0.10
1.887,0.96,0.16
1.886,0.84,0.19
1.885,0.85,0.24
1.884,0.69,0.29
1.883,0.86,0.38
1.882,0.80,0.42
1.881,0.86,0.48
1.88,0.85,0.53
1.879,0.97,0.52
1.878,0.94,0.49
1.877,0.80,0.54
1.876,0.99,0.62
1.875,0.95,0.67
1.874,1.26,0.61
1.873,0.81,0.49
1.872,0.67,0.54
1.871,0.51,0.58
1.87,0.57,0.63
1.869,0.50,0.55
1.868,0.42,0.47
1.867,0.27,0.49
1.866,0.19,0.51
1.865,0.12,0.54
1.864,0.06,0.60
1.863,-0.18,0.66
1.862,-0.24,0.54
1.861,-0.30,0.42
1.86,-0.06,0.32
1.859,-0.01,0.31
1.858,-0.08,0.29
1.857,0.02,0.28
1.856,0.17,0.27
1.855,0.41,0.27
1.854,0.37,0.26
1.853,0.45,0.26
1.852,0.59,0.27
1.851,0.77,0.28
1.85,0.77,0.28
1.849,1.08,0.34
1.848,1.13,0.37
1.847,1.34,0.41
1.846,1.47,0.44
1.845,1.45,0.46
1.844,1.50,0.49
1.843,1.22,0.50
1.842,0.96,0.47
1.841,0.88,0.46
1.84,0.89,0.45
1.839,0.94,0.50
1.838,0.76,0.53
1.837,0.59,0.52
1.836,0.70,0.53
1.835,0.84,0.55
1.834,0.80,0.43
1.833,0.75,0.31
1.832,1.18,0.33
1.831,1.14,0.32
1.83,1.22,0.31
1.829,0.90,0.26
1.828,1.15,0.26
1.827,1.07,0.25
1.826,0.89,0.22
1.825,0.84,0.21
1.824,0.76,0.21
1.823,0.69,0.21
1.822,0.61,0.26
1.821,0.26,0.29
1.82,0.12,0.33
1.819,-0.06,0.38
1.818,-0.27,0.43
1.817,-0.10,0.46
1.816,0.16,0.49
1.815,0.31,0.52
1.814,0.39,0.44
1.813,0.42,0.37
1.812,0.72,0.32
1.811,0.64,0.24
1.81,0.76,0.17
1.809,0.59,0.26
1.808,0.54,0.37
1.807,0.48,0.36
1.806,0.48,0.36
1.805,0.42,0.36
1.804,0.28,0.42
1.803,0.40,0.51
1.802,0.23,0.53
1.801,0.09,0.56
1.8,-0.13,0.57
1.799,-0.42,0.61
1.798,-0.51,0.65
1.797,-0.50,0.67
1.796,-0.31,0.70
1.795,-0.38,0.70
1.794,-0.60,0.74
1.793,-0.60,0.80
1.792,-0.64,0.74
1.791,-0.37,0.70
1.79,-0.51,0.64
1.789,-0.46,0.53
1.788,-0.23,0.43
1.787,0.08,0.46
1.786,0.27,0.49
1.785,0.41,0.51
1.784,0.60,0.52
1.783,0.69,0.53
1.782,0.77,0.49
1.781,0.97,0.46
1.78,1.16,0.43
1.779,1.39,0.45
1.778,1.50,0.46
1.777,1.44,0.41
1.776,1.46,0.38
1.775,1.42,0.33
1.774,1.39,0.28
1.773,1.34,0.23
1.772,1.05,0.20
1.771,0.99,0.19
1.77,0.79,0.17
1.769,0.77,0.18
1.768,0.70,0.18
1.767,0.63,0.15
1.766,0.53,0.12
1.765,0.36,0.09
1.764,0.13,0.11
1.763,-0.15,0.13
1.762,-0.39,0.17
1.761,-0.28,0.24
1.76,-0.11,0.32
1.759,-0.14,0.39
1.758,-0.15,0.46
1.757,-0.21,0.41
1.756,-0.16,0.36
1.755,-0.48,0.29
1.754,-0.26,0.39
1.753,-0.11,0.48
1.752,-0.27,0.52
1.751,-0.43,0.55
1.75,-0.40,0.60
1.749,-0.56,0.66
1.748,-0.70,0.71
1.747,-0.60,0.74
1.746,-0.53,0.77
1.745,-0.47,0.79
1.744,-0.31,0.69
1.743,-0.22,0.57
1.742,0.03,0.54
1.741,0.64,0.53
1.74,0.84,0.50
1.739,0.96,0.46
1.738,0.96,0.42
1.737,0.70,0.39
1.736,0.35,0.37
1.735,0.17,0.35
1.734,0.00,0.50
1.733,-0.02,0.66
1.732,-0.03,0.57
1.731,-0.15,0.48
1.73,-0.21,0.39
1.729,-0.08,0.43
1.728,-0.01,0.46
1.727,0.06,0.46
1.726,0.11,0.46
1.725,0.18,0.46
1.724,0.16,0.45
1.723,0.08,0.44
1.722,0.16,0.38
1.721,0.24,0.32
1.72,0.39,0.26
1.719,0.55,0.28
1.718,0.50,0.28
1.717,0.46,0.31
1.716,0.28,0.32
1.715,0.25,0.35
1.714,0.03,0.37
1.713,-0.07,0.41
1.712,-0.19,0.47
1.711,-0.29,0.54
1.71,-0.39,0.61
1.709,-0.30,0.68
1.708,-0.26,0.74
1.707,-0.22,0.78
1.706,-0.30,0.81
1.705,-0.42,0.83
1.704,-0.48,0.84
1.703,-0.55,0.85
1.702,-0.38,0.78
1.701,-0.37,0.70
1.7,-0.34,0.63
1.699,-0.29,0.56
1.698,-0.19,0.50
1.697,-0.04,0.54
1.696,0.13,0.58
1.695,0.25,0.61
1.694,0.52,0.58
1.693,0.59,0.53
1.692,0.60,0.50
1.691,0.55,0.47
1.69,0.41,0.43
1.689,0.23,0.38
1.688,0.14,0.33
1.687,0.15,0.32
1.686,0.02,0.31
1.685,-0.07,0.29
1.684,0.12,0.29
1.683,0.03,0.28
1.682,-0.18,0.28
1.681,-0.02,0.31
1.68,-0.03,0.32
1.679,-0.10,0.36
1.678,-0.15,0.40
1.677,-0.23,0.37
1.676,-0.33,0.34
1.675,-0.40,0.30
1.674,-0.49,0.36
1.673,-0.50,0.42
1.672,-0.75,0.44
1.671,-0.59,0.50
1.67,-0.51,0.55
1.669,-0.77,0.56
1.668,-1.10,0.56
1.667,-1.52,0.58
1.666,-1.57,0.63
1.665,-1.73,0.67
1.664,-1.69,0.66
1.663,-1.68,0.66
1.662,-1.67,0.68
1.661,-1.71,0.70
1.66,-1.33,0.74
1.659,-1.23,0.76
1.658,-1.22,0.76
1.657,-1.05,0.82
1.656,-0.97,0.86
1.655,-1.02,0.90
1.654,-0.89,0.87
1.653,-0.75,0.85
1.652,-0.68,0.85
1.651,-0.60,0.86
1.65,-0.58,0.86
1.649,-0.60,0.80
1.648,-0.48,0.74
1.647,-0.40,0.72
1.646,-0.36,0.70
1.645,-0.28,0.68
1.644,-0.25,0.58
1.643,-0.13,0.49
1.642,-0.08,0.49
1.641,-0.08,0.49
1.64,-0.05,0.49
1.639,0.03,0.35
1.638,0.15,0.20
1.637,0.23,0.26
1.636,0.31,0.31
1.635,0.51,0.38
1.634,0.53,0.31
1.633,0.65,0.26
1.632,0.69,0.29
1.631,0.69,0.32
1.63,0.67,0.35
1.629,0.51,0.49
1.628,0.33,0.63
1.627,0.23,0.55
1.626,0.10,0.46
1.625,0.13,0.39
1.624,0.26,0.36
1.623,0.40,0.33
1.622,0.43,0.36
1.621,0.45,0.38
1.62,0.54,0.41
1.619,0.60,0.51
1.618,0.72,0.62
1.617,0.78,0.61
1.616,0.82,0.60
1.615,0.85,0.59
1.614,0.84,0.62
1.613,0.80,0.64
1.612,0.85,0.61
1.611,0.83,0.57
1.61,0.79,0.53
1.609,0.84,0.46
1.608,0.87,0.39
1.607,0.84,0.35
1.606,0.82,0.31
1.605,0.85,0.27
1.604,0.73,0.24
1.603,0.71,0.23
1.602,0.63,0.25
1.601,0.56,0.27
1.6,0.51,0.29
1.599,0.44,0.34
1.598,0.33,0.38
1.597,0.26,0.39
1.596,0.25,0.42
1.595,0.29,0.44
1.594,0.29,0.52
1.593,0.08,0.59
1.592,-0.17,0.52
1.591,-0.29,0.46
1.59,-0.07,0.43
1.589,0.00,0.45
1.588,-0.04,0.47
1.587,0.09,0.50
1.586,0.20,0.53
1.585,0.26,0.55
1.584,0.10,0.60
1.583,-0.10,0.65
1.582,-0.31,0.67
1.581,-0.41,0.68
1.58,-0.58,0.70
1.579,-0.65,0.79
1.578,-0.70,0.89
1.577,-0.29,0.93
1.576,-0.34,0.94
1.575,-0.54,0.94
1.574,-0.36,0.86
1.573,-0.17,0.77
1.572,-0.09,0.69
1.571,0.13,0.61
1.57,0.19,0.53
1.569,0.39,0.47
1.568,0.44,0.40
1.567,0.59,0.38
1.566,0.71,0.37
1.565,0.65,0.34
1.564,0.74,0.36
1.563,0.63,0.36
1.562,0.61,0.39
1.561,0.61,0.42
1.56,0.57,0.45
1.559,0.47,0.47
1.558,0.21,0.48
1.557,-0.21,0.45
1.556,-0.36,0.44
1.555,-0.35,0.45
1.554,-0.33,0.47
1.553,-0.29,0.49
1.552,-0.14,0.47
1.551,-0.05,0.44
1.55,-0.49,0.37
1.549,-0.77,0.45
1.548,-0.97,0.53
1.547,-1.05,0.57
1.546,-1.02,0.61
1.545,-1.16,0.64
1.544,-1.27,0.72
1.543,-1.25,0.81
1.542,-1.27,0.86
1.541,-1.32,0.91
1.54,-1.27,0.97
1.539,-1.41,0.92
1.538,-1.54,0.87
1.537,-1.56,0.91
1.536,-1.31,0.97
1.535,-1.30,1.02
1.534,-1.24,0.94
1.533,-1.06,0.88
1.532,-0.86,0.83
1.531,-0.78,0.77
1.53,-0.47,0.73
1.529,-0.38,0.66
1.528,0.10,0.61
1.527,-0.01,0.58
1.526,0.07,0.55
1.525,0.12,0.53
1.524,0.25,0.48
1.523,0.25,0.43
1.522,0.22,0.37
1.521,0.45,0.34
1.52,0.39,0.29
1.519,0.42,0.34
1.518,0.39,0.38
1.517,0.27,0.42
1.516,0.29,0.47
1.515,0.28,0.52
1.514,0.23,0.54
1.513,0.13,0.56
1.512,0.00,0.59
1.511,-0.22,0.63
1.51,-0.27,0.67
1.509,-0.38,0.73
1.508,-0.45,0.79
1.507,-0.48,0.73
1.506,-0.58,0.66
1.505,-0.63,0.60
1.504,-0.60,0.72
1.503,-0.57,0.84
1.502,-0.47,0.89
1.501,-0.46,0.93
1.5,-0.46,0.97
1.499,-0.57,0.93
1.498,-0.53,0.90
1.497,-0.42,0.98
1.496,-0.07,1.07
1.495,0.07,0.94
1.494,0.21,0.81
1.493,0.38,0.75
1.492,0.53,0.69
1.491,0.72,0.45
1.49,0.89,0.21
1.489,1.12,0.17
1.488,1.33,0.13
1.487,1.41,0.23
1.486,1.37,0.33
1.485,1.36,0.27
1.484,1.25,0.21
1.483,1.14,0.18
1.482,1.12,0.16
1.481,1.03,0.15
1.48,0.88,0.14
1.479,0.89,0.20
1.478,0.80,0.24
1.477,0.64,0.24
1.476,0.47,0.23
1.475,0.30,0.25
1.474,0.13,0.26
1.473,0.03,0.36
1.472,-0.07,0.47
1.471,-0.16,0.41
1.47,-0.30,0.35
1.469,-0.40,0.46
1.468,-0.61,0.57
1.467,-0.72,0.51
1.466,-0.81,0.45
1.465,-1.04,0.56
1.464,-1.23,0.68
1.463,-1.36,0.72
1.462,-1.46,0.77
1.461,-1.36,0.78
1.46,-1.21,0.80
1.459,-1.24,0.86
1.458,-1.07,0.93
1.457,-1.01,0.91
1.456,-1.09,0.87
1.455,-1.19,0.76
1.454,-0.81,0.68
1.453,-0.52,0.41
1.452,0.10,0.17
1.451,0.47,0.12
1.45,0.77,0.06
1.449,1.08,0.09
1.448,1.22,0.10
1.447,1.32,0.09
1.446,1.35,0.08
1.445,1.38,0.13
1.444,1.29,0.17
1.443,1.28,0.10
1.442,1.24,0.03
1.441,1.25,0.07
1.44,1.12,0.09
1.439,1.11,0.02
1.438,1.09,-0.05
1.437,1.10,0.04
1.436,1.02,0.13
1.435,1.10,0.15
1.434,1.04,0.16
1.433,0.78,0.15
1.432,0.68,0.16
1.431,0.54,0.21
1.43,0.31,0.25
1.429,0.37,0.28
1.428,0.39,0.31
1.427,0.31,0.36
1.426,0.28,0.42
1.425,0.25,0.48
1.424,0.13,0.54
1.423,0.08,0.60
1.422,0.09,0.67
1.421,0.05,0.68
1.42,-0.06,0.69
1.419,-0.13,0.63
1.418,-0.07,0.58
1.417,0.11,0.68
1.416,-0.06,0.76
1.415,-0.28,0.80
1.414,-0.29,0.85
1.413,-0.64,0.87
1.412,-0.65,0.92
1.411,-0.55,0.87
1.41,-0.49,0.82
1.409,-0.51,0.65
1.408,-0.83,0.46
1.407,-0.88,0.48
1.406,-0.70,0.51
1.405,-0.44,0.49
1.404,-0.14,0.48
1.403,0.02,0.48
1.402,0.03,0.48
1.401,0.06,0.39
1.4,0.07,0.30
1.399,0.18,0.29
1.398,0.21,0.26
1.397,0.06,0.28
1.396,-0.11,0.30
1.395,-0.24,0.35
1.394,-0.08,0.42
1.393,0.00,0.32
1.392,-0.08,0.21
1.391,-0.24,0.25
1.39,-0.49,0.29
1.389,-0.69,0.25
1.388,-0.70,0.22
1.387,-0.74,0.27
1.386,-0.87,0.31
1.385,-1.29,0.37
1.384,-1.50,0.45
1.383,-1.48,0.46
1.382,-1.75,0.46
1.381,-1.85,0.54
1.38,-1.84,0.63
1.379,-1.81,0.73
1.378,-1.74,0.83
1.377,-1.86,0.69
1.376,-1.83,0.56
1.375,-1.62,0.61
1.374,-1.68,0.64
1.373,-1.47,0.71
1.372,-1.27,0.77
1.371,-0.91,0.74
1.37,-0.60,0.71
1.369,-0.17,0.78
1.368,0.02,0.83
1.367,0.20,0.76
1.366,0.59,0.71
1.365,0.82,0.70
1.364,1.09,0.69
1.363,1.33,0.62
1.362,1.44,0.54
1.361,1.47,0.46
1.36,1.46,0.39
1.359,1.50,0.30
1.358,1.47,0.21
1.357,1.34,0.17
1.356,1.38,0.14
1.355,1.43,0.13
1.354,1.17,0.09
1.353,0.89,0.08
1.352,0.64,0.08
1.351,0.37,0.15
1.35,0.43,0.25
1.349,0.28,0.23
1.348,0.08,0.22
1.347,-0.12,0.32
1.346,-0.33,0.43
1.345,-0.47,0.38
1.344,-0.97,0.31
1.343,-1.16,0.42
1.342,-1.29,0.54
1.341,-1.27,0.63
1.34,-1.34,0.71
1.339,-1.34,0.69
1.338,-1.31,0.66
1.337,-1.19,0.71
1.336,-0.89,0.78
1.335,-1.11,0.75
1.334,-1.24,0.74
1.333,-0.93,0.75
1.332,-0.68,0.75
1.331,-0.62,0.76
1.33,-0.58,0.77
1.329,-0.51,0.68
1.328,-0.38,0.59
1.327,-0.32,0.62
1.326,-0.43,0.64
1.325,-0.33,0.62
1.324,-0.28,0.59
1.323,-0.16,0.57
1.322,0.00,0.55
1.321,0.16,0.50
1.32,0.33,0.44
1.319,0.54,0.40
1.318,0.57,0.34
1.317,0.53,0.33
1.316,0.51,0.31
1.315,0.35,0.29
1.314,0.15,0.27
1.313,-0.09,0.30
1.312,-0.16,0.34
1.311,-0.33,0.35
1.31,-0.36,0.38
1.309,-0.52,0.39
1.308,-0.71,0.40
1.307,-0.85,0.35
1.306,-0.97,0.30
1.305,-1.19,0.36
1.304,-1.31,0.43
1.303,-1.42,0.47
1.302,-1.52,0.52
1.301,-1.64,0.57
1.3,-1.70,0.62
1.299,-1.81,0.59
1.298,-1.91,0.57
1.297,-1.75,0.66
1.296,-1.79,0.74
1.295,-1.83,0.60
1.294,-1.76,0.47
1.293,-1.56,0.64
1.292,-1.35,0.81
1.291,-1.37,0.89
1.29,-1.64,0.94
1.289,-1.48,0.93
1.288,-1.34,0.92
1.287,-1.28,0.79
1.286,-1.51,0.64
1.285,-1.48,0.56
1.284,-1.44,0.47
1.283,-1.26,0.40
1.282,-1.21,0.32
1.281,-0.92,0.32
1.28,-0.76,0.31
1.279,-1.01,0.33
1.278,-0.91,0.37
1.277,-1.11,0.29
1.276,-1.12,0.23
1.275,-1.27,0.25
1.274,-1.30,0.28
1.273,-1.47,0.25
1.272,-1.57,0.22
1.271,-1.83,0.27
1.27,-1.98,0.32
1.269,-2.22,0.32
1.268,-2.21,0.33
1.267,-2.30,0.37
1.266,-2.42,0.40
1.265,-2.66,0.35
1.264,-3.05,0.30
1.263,-3.30,0.39
1.262,-3.30,0.50
1.261,-3.37,0.43
1.26,-3.13,0.39
1.259,-3.36,0.46
1.258,-3.35,0.55
1.257,-3.49,0.61
1.256,-3.47,0.68
1.255,-3.42,0.77
1.254,-3.25,0.86
1.253,-3.13,0.80
1.252,-2.77,0.76
1.251,-2.88,0.78
1.25,-3.13,0.80
1.249,-3.05,0.82
1.248,-2.94,0.83
1.247,-2.68,0.75
1.246,-2.44,0.66
1.245,-1.88,0.49
1.244,-1.39,0.32
1.243,-1.04,0.27
1.242,-0.61,0.22
1.241,-0.25,0.15
1.24,-0.09,0.06
1.239,-0.03,0.08
1.238,0.13,0.10
1.237,0.31,0.12
1.236,0.33,0.12
1.235,0.37,0.10
1.234,0.38,0.08
1.233,0.40,0.07
1.232,0.43,0.06
1.231,0.25,0.08
1.23,-0.25,0.07
1.229,-0.42,0.14
1.228,-0.66,0.21
1.227,-0.71,0.21
1.226,-0.95,0.20
1.225,-1.22,0.24
1.224,-1.43,0.29
1.223,-1.60,0.39
1.222,-1.80,0.49
1.221,-2.02,0.55
1.22,-2.10,0.61
1.219,-2.00,0.51
1.218,-1.97,0.41
1.217,-2.12,0.47
1.216,-1.98,0.56
1.215,-1.79,0.66
1.214,-1.48,0.77
1.213,-1.49,0.71
1.212,-1.29,0.67
1.211,-1.35,0.77
1.21,-1.49,0.86
1.209,-1.43,0.93
1.208,-1.62,0.97
1.207,-1.78,0.87
1.206,-1.97,0.78
1.205,-2.00,0.90
1.204,-2.05,1.02
1.203,-2.09,0.90
1.202,-2.03,0.79
1.201,-2.04,0.95
1.2,-2.10,1.10
1.199,-1.86,1.04
1.198,-1.63,0.99
1.197,-1.22,0.99
1.196,-1.12,0.97
1.195,-0.96,0.92
1.194,-0.61,0.88
1.193,-0.48,0.88
1.192,-0.10,0.91
1.191,0.08,0.75
1.19,0.51,0.61
1.189,0.55,0.52
1.188,0.67,0.44
1.187,0.67,0.44
1.186,0.67,0.45
1.185,0.72,0.49
1.184,0.68,0.52
1.183,0.75,0.45
1.182,0.69,0.36
1.181,0.61,0.31
1.18,0.41,0.25
1.179,0.38,0.29
1.178,0.33,0.33
1.177,0.39,0.41
1.176,0.39,0.48
1.175,0.38,0.49
1.174,0.46,0.50
1.173,0.41,0.43
1.172,0.40,0.36
1.171,0.38,0.32
1.17,0.45,0.28
1.169,0.44,0.24
1.168,0.30,0.18
1.167,0.31,0.20
1.166,0.29,0.22
1.165,0.21,0.28
1.164,0.17,0.34
1.163,0.20,0.32
1.162,0.04,0.28
1.161,-0.09,0.33
1.16,-0.12,0.39
1.159,-0.14,0.33
1.158,-0.24,0.27
1.157,-0.36,0.31
1.156,-0.49,0.35
1.155,-0.71,0.32
1.154,-0.84,0.30
1.153,-1.01,0.30
1.152,-1.00,0.31
1.151,-0.81,0.40
1.15,-0.89,0.46
1.149,-1.01,0.47
1.148,-1.26,0.46
1.147,-1.49,0.47
1.146,-1.78,0.46
1.145,-1.97,0.49
1.144,-2.05,0.53
1.143,-2.11,0.48
1.142,-2.29,0.42
1.141,-2.26,0.48
1.14,-2.67,0.50
1.139,-2.95,0.46
1.138,-3.15,0.43
1.137,-2.93,0.50
1.136,-2.92,0.56
1.135,-2.58,0.65
1.134,-3.20,0.68
1.133,-3.43,0.55
1.132,-3.22,0.46
1.131,-3.00,0.62
1.13,-3.00,0.76
1.129,-2.89,0.84
1.128,-2.80,0.91
1.127,-2.84,0.88
1.126,-2.97,0.84
1.125,-3.17,0.87
1.124,-3.25,0.91
1.123,-3.29,0.92
1.122,-3.16,0.93
1.121,-2.84,0.84
1.12,-2.53,0.75
1.119,-2.41,0.76
1.118,-2.16,0.77
1.117,-2.12,0.71
1.116,-1.98,0.65
1.115,-1.77,0.65
1.114,-1.66,0.64
1.113,-1.51,0.55
1.112,-1.28,0.46
1.111,-1.08,0.50
1.11,-0.70,0.56
1.109,-1.27,0.37
1.108,-1.33,0.22
1.107,-1.65,0.32
1.106,-1.80,0.44
1.105,-2.19,0.45
1.104,-2.43,0.47
1.103,-2.56,0.58
1.102,-2.40,0.70
1.101,-2.25,0.72
1.1,-2.25,0.73
1.099,-2.50,0.75
1.098,-2.24,0.80
1.097,-2.43,0.72
1.096,-2.39,0.66
1.095,-2.20,0.59
1.094,-1.92,0.53
1.093,-1.63,0.58
1.092,-1.23,0.63
1.091,-1.16,0.58
1.09,-1.14,0.53
1.089,-0.92,0.53
1.088,-0.83,0.52
1.087,-0.44,0.50
1.086,-0.24,0.46
1.085,0.19,0.47
1.084,0.25,0.44
1.083,0.40,0.49
1.082,0.53,0.53
1.081,0.56,0.35
1.08,0.50,0.16
1.079,0.40,0.26
1.078,0.30,0.36
1.077,0.23,0.21
1.076,0.35,0.07
1.075,0.33,0.10
1.074,0.26,0.12
1.073,0.31,0.05
1.072,0.28,-0.01
1.071,0.27,0.03
1.07,0.31,0.07
1.069,0.26,0.07
1.068,0.10,0.05
1.067,-0.09,0.14
1.066,-0.31,0.22
1.065,-0.67,0.26
1.064,-1.01,0.30
1.063,-1.34,0.36
1.062,-1.60,0.42
1.061,-1.96,0.44
1.06,-2.24,0.46
1.059,-2.31,0.54
1.058,-2.31,0.62
1.057,-2.44,0.67
1.056,-2.71,0.72
1.055,-2.56,0.72
1.054,-2.86,0.70
1.053,-2.90,0.74
1.052,-3.03,0.77
1.051,-2.90,0.78
1.05,-2.89,0.78
1.049,-2.91,0.77
1.048,-2.83,0.77
1.047,-2.66,0.81
1.046,-2.53,0.84
1.045,-2.39,0.88
1.044,-2.42,0.91
1.043,-2.56,0.91
1.042,-2.68,0.91
1.041,-2.83,0.80
1.04,-2.64,0.71
1.039,-2.79,0.83
1.038,-2.66,0.96
1.037,-2.38,0.92
1.036,-2.24,0.87
1.035,-1.96,0.80
1.034,-1.77,0.73
1.033,-1.60,0.65
1.032,-1.38,0.57
1.031,-1.20,0.48
1.03,-1.04,0.39
1.029,-0.89,0.40
1.028,-0.89,0.40
1.027,-0.90,0.44
1.026,-1.04,0.47
1.025,-1.16,0.45
1.024,-1.29,0.43
1.023,-1.31,0.38
1.022,-1.25,0.34
1.021,-1.47,0.37
1.02,-1.67,0.40
1.019,-1.72,0.38
1.018,-1.94,0.33
1.017,-2.03,0.29
1.016,-2.24,0.24
1.015,-2.32,0.35
1.014,-2.53,0.44
1.013,-2.54,0.52
1.012,-2.69,0.59
1.011,-2.64,0.60
1.01,-2.69,0.60
1.009,-2.59,0.65
1.008,-2.51,0.69
1.007,-2.37,0.74
1.006,-2.35,0.78
1.005,-2.40,0.82
1.004,-2.41,0.87
1.003,-2.24,0.70
1.002,-1.86,0.55
1.001,-1.90,0.48
1,-1.95,0.40
0.999,-1.92,0.40
0.998,-1.99,0.39
0.997,-2.09,0.40
0.996,-2.15,0.41
0.995,-2.38,0.43
0.994,-2.52,0.46
0.993,-2.88,0.45
0.992,-3.00,0.46
0.991,-3.21,0.51
0.99,-3.15,0.58
0.989,-3.06,0.60
0.988,-3.18,0.61
0.987,-3.43,0.65
0.986,-3.48,0.69
0.985,-3.46,0.63
0.984,-3.47,0.56
0.983,-3.49,0.44
0.982,-3.09,0.35
0.981,-2.89,0.27
0.98,-2.78,0.19
0.979,-2.60,0.22
0.978,-2.60,0.23
0.977,-2.63,0.29
0.976,-2.78,0.34
0.975,-2.77,0.41
0.974,-2.83,0.48
0.973,-2.82,0.43
0.972,-2.66,0.40
0.971,-2.90,0.50
0.97,-3.03,0.62
0.969,-3.25,0.69
0.968,-3.17,0.79
0.967,-2.90,0.78
0.966,-2.92,0.74
0.965,-2.93,0.87
0.964,-2.83,1.00
0.963,-2.51,0.93
0.962,-2.25,0.85
0.961,-2.10,0.80
0.96,-1.82,0.76
0.959,-1.79,0.47
0.958,-1.87,0.16
0.957,-1.64,0.04
0.956,-1.37,-0.09
0.955,-1.31,-0.03
0.954,-1.29,0.02
0.953,-1.21,-0.05
0.952,-1.25,-0.13
0.951,-1.23,-0.08
0.95,-1.28,-0.04
0.949,-1.57,-0.03
0.948,-1.76,0.00
0.947,-1.85,0.11
0.946,-2.10,0.20
0.945,-2.25,0.15
0.944,-2.49,0.09
0.943,-2.62,0.13
0.942,-2.93,0.15
0.941,-3.22,0.20
0.94,-3.34,0.26
0.939,-3.20,0.21
0.938,-3.43,0.13
0.937,-3.67,0.23
0.936,-3.81,0.35
0.935,-3.91,0.40
0.934,-4.01,0.46
0.933,-4.41,0.42
0.932,-4.94,0.37
0.931,-5.22,0.31
0.93,-5.33,0.26
0.929,-5.65,0.38
0.928,-5.85,0.51
0.927,-5.93,0.51
0.926,-5.82,0.53
0.925,-5.97,0.59
0.924,-6.20,0.64
0.923,-6.30,0.65
0.922,-6.36,0.66
0.921,-6.20,0.73
0.92,-5.93,0.81
0.919,-5.78,0.76
0.918,-5.50,0.72
0.917,-5.33,0.50
0.916,-4.80,0.31
0.915,-4.41,0.38
0.914,-4.15,0.43
0.913,-4.14,0.41
0.912,-3.85,0.41
0.911,-3.62,0.43
0.91,-3.77,0.42
0.909,-3.85,0.40
0.908,-3.90,0.38
0.907,-3.99,0.42
0.906,-3.96,0.48
0.905,-4.00,0.48
0.904,-3.98,0.49
0.903,-4.12,0.50
0.902,-4.42,0.50
0.901,-4.52,0.51
0.9,-4.77,0.50
0.899,-4.81,0.51
0.898,-5.05,0.49
0.897,-5.13,0.59
0.896,-5.17,0.69
0.895,-5.15,0.70
0.894,-5.21,0.71
0.893,-5.33,0.61
0.892,-5.41,0.51
0.891,-5.50,0.58
0.89,-5.95,0.62
0.889,-6.14,0.64
0.888,-6.61,0.63
0.887,-6.42,0.68
0.886,-6.78,0.68
0.885,-6.83,0.66
0.884,-6.67,0.65
0.883,-6.59,0.64
0.882,-6.50,0.63
0.881,-6.70,0.70
0.88,-6.14,0.83
0.879,-6.03,0.72
0.878,-5.59,0.64
0.877,-5.76,0.75
0.876,-5.83,0.87
0.875,-5.87,0.87
0.874,-6.09,0.86
0.873,-5.98,0.90
0.872,-5.97,0.92
0.871,-5.72,0.77
0.87,-5.44,0.61
0.869,-5.34,0.62
0.868,-4.99,0.66
0.867,-4.97,0.38
0.866,-4.48,0.14
0.865,-4.13,-0.04
0.864,-3.44,-0.18
0.863,-2.93,-0.07
0.862,-2.45,0.05
0.861,-1.88,0.04
0.86,-1.47,0.02
0.859,-1.43,0.04
0.858,-1.30,0.07
0.857,-1.33,0.17
0.856,-1.54,0.25
0.855,-1.60,0.32
0.854,-1.84,0.37
0.853,-2.12,0.29
0.852,-2.44,0.20
0.851,-2.60,0.05
0.85,-2.13,-0.03
0.849,-2.04,0.06
0.848,-1.89,0.15
0.847,-1.83,0.20
0.846,-1.77,0.24
0.845,-1.76,0.31
0.844,-1.77,0.37
0.843,-2.06,0.34
0.842,-2.10,0.33
0.841,-2.43,0.32
0.84,-2.64,0.32
0.839,-2.76,0.33
0.838,-2.81,0.35
0.837,-2.91,0.33
0.836,-2.88,0.32
0.835,-2.99,0.28
0.834,-2.95,0.27
0.833,-3.11,0.26
0.832,-3.42,0.23
0.831,-3.45,0.32
0.83,-3.75,0.37
0.829,-3.69,0.35
0.828,-3.69,0.32
0.827,-3.53,0.42
0.826,-3.55,0.50
0.825,-3.48,0.37
0.824,-3.39,0.23
0.823,-3.35,0.29
0.822,-3.43,0.34
0.821,-3.63,0.27
0.82,-3.74,0.21
0.819,-4.06,0.19
0.818,-4.36,0.17
0.817,-4.44,0.21
0.816,-4.47,0.26
0.815,-4.53,0.17
0.814,-4.59,0.07
0.813,-4.75,0.28
0.812,-4.76,0.50
0.811,-4.98,0.45
0.81,-5.65,0.36
0.809,-6.43,0.39
0.808,-6.59,0.47
0.807,-6.85,0.46
0.806,-7.08,0.45
0.805,-7.19,0.49
0.804,-6.99,0.55
0.803,-7.10,0.57
0.802,-7.10,0.60
0.801,-7.43,0.62
0.8,-6.85,0.71
0.799,-7.01,0.76
0.798,-6.62,0.86
0.797,-7.19,0.78
0.796,-7.30,0.74
0.795,-7.06,0.66
0.794,-6.74,0.60
0.793,-5.62,0.51
0.792,-4.79,0.41
0.791,-4.63,0.36
0.79,-4.12,0.34
0.789,-3.55,0.21
0.788,-2.95,0.08
0.787,-2.62,0.04
0.786,-2.32,0.00
0.785,-1.93,0.02
0.784,-1.56,0.04
0.783,-1.45,0.08
0.782,-1.52,0.11
0.781,-1.71,0.09
0.78,-2.01,0.06
0.779,-2.30,0.14
0.778,-1.95,0.29
0.777,-2.37,0.21
0.776,-2.58,0.15
0.775,-2.91,0.15
0.774,-3.13,0.17
0.773,-3.33,0.14
0.772,-3.45,0.12
0.771,-3.60,0.20
0.77,-3.66,0.30
0.769,-3.57,0.34
0.768,-3.46,0.39
0.767,-3.48,0.39
0.766,-3.46,0.39
0.765,-3.51,0.49
0.764,-3.26,0.61
0.763,-3.49,0.46
0.762,-3.41,0.34
0.761,-3.76,0.44
0.76,-4.10,0.55
0.759,-4.50,0.56
0.758,-4.22,0.63
0.757,-4.29,0.66
0.756,-3.96,0.73
0.755,-4.23,0.70
0.754,-4.12,0.70
0.753,-4.19,0.73
0.752,-4.10,0.77
0.751,-4.09,0.80
0.75,-4.16,0.83
0.749,-4.35,0.82
0.748,-4.62,0.81
0.747,-4.73,0.81
0.746,-4.57,0.84
0.745,-4.27,0.87
0.744,-4.14,0.87
0.743,-3.96,0.69
0.742,-3.86,0.50
0.741,-3.69,0.50
0.74,-3.51,0.51
0.739,-3.40,0.54
0.738,-3.38,0.57
0.737,-3.44,0.53
0.736,-3.59,0.48
0.735,-3.82,0.44
0.734,-3.90,0.42
0.733,-4.05,0.37
0.732,-3.97,0.35
0.731,-4.06,0.35
0.73,-4.31,0.33
0.729,-4.49,0.40
0.728,-4.63,0.48
0.727,-4.67,0.55
0.726,-4.62,0.64
0.725,-4.50,0.75
0.724,-4.60,0.84
0.723,-4.67,0.86
0.722,-4.88,0.87
0.721,-4.94,0.83
0.72,-5.04,0.78
0.719,-5.10,0.81
0.718,-5.06,0.85
0.717,-5.02,0.73
0.716,-4.93,0.61
0.715,-5.00,0.50
0.714,-4.07,0.50
0.713,-3.85,0.52
0.712,-3.65,0.53
0.711,-3.01,0.53
0.71,-2.70,0.50
0.709,-2.37,0.50
0.708,-2.12,0.50
0.707,-1.73,0.46
0.706,-1.57,0.40
0.705,-1.61,0.34
0.704,-1.83,0.26
0.703,-2.03,0.27
0.702,-1.74,0.33
0.701,-1.79,0.22
0.7,-1.75,0.13
0.699,-1.91,0.12
0.698,-2.09,0.11
0.697,-2.38,0.08
0.696,-2.46,0.09
0.695,-2.45,0.18
0.694,-2.49,0.27
0.693,-1.58,0.31
0.692,-1.97,0.19
0.691,-1.98,0.29
0.69,-1.74,0.42
0.689,-1.78,0.47
0.688,-2.67,0.42
0.687,-3.20,0.45
0.686,-3.74,0.48
0.685,-3.71,0.40
0.684,-3.50,0.35
0.683,-3.49,0.43
0.682,-3.91,0.47
0.681,-4.08,0.49
0.68,-4.18,0.52
0.679,-4.20,0.59
0.678,-4.32,0.65
0.677,-4.47,0.68
0.676,-4.76,0.68
0.675,-4.69,0.66
0.674,-4.95,0.59
0.673,-5.13,0.64
0.672,-4.92,0.73
0.671,-4.90,0.71
0.67,-4.86,0.68
0.669,-4.86,0.71
0.668,-4.67,0.77
0.667,-4.68,0.75
0.666,-4.53,0.74
0.665,-4.63,0.70
0.664,-4.69,0.65
0.663,-4.75,0.72
0.662,-4.68,0.80
0.661,-4.62,0.78
0.66,-4.55,0.76
0.659,-4.53,0.81
0.658,-4.47,0.87
0.657,-4.27,0.83
0.656,-4.25,0.77
0.655,-4.49,0.83
0.654,-4.55,0.90
0.653,-4.68,0.91
0.652,-4.92,0.91
0.651,-4.46,0.95
0.65,-4.54,0.93
0.649,-4.37,0.97
0.648,-4.30,0.99
0.647,-4.33,0.94
0.646,-4.29,0.90
0.645,-3.98,1.00
0.644,-4.44,1.01
0.643,-4.48,1.01
0.642,-4.70,0.98
0.641,-4.72,1.04
0.64,-4.77,1.09
0.639,-4.88,1.07
0.638,-4.91,1.06
0.637,-5.19,1.08
0.636,-5.08,1.15
0.635,-5.12,1.08
0.634,-5.15,1.01
0.633,-5.12,1.05
0.632,-5.18,1.07
0.631,-5.24,1.17
0.63,-5.17,1.28
0.629,-5.08,1.23
0.628,-4.89,1.19
0.627,-4.70,1.15
0.626,-4.59,1.10
0.625,-4.37,0.89
0.624,-3.98,0.70
0.623,-3.59,0.61
0.622,-3.29,0.50
0.621,-2.99,0.50
0.62,-2.81,0.47
0.619,-2.67,0.44
0.618,-2.51,0.41
0.617,-2.58,0.22
0.616,-2.38,0.05
0.615,-2.05,0.09
0.614,-1.87,0.12
0.613,-1.73,0.05
0.612,-1.69,-0.03
0.611,-1.59,0.04
0.61,-1.48,0.11
0.609,-1.45,0.22
0.608,-1.29,0.35
0.607,-1.10,0.41
0.606,-1.10,0.44
0.605,-1.17,0.41
0.604,-1.26,0.38
0.603,-1.30,0.43
0.602,-1.45,0.47
0.601,-1.46,0.54
0.6,-1.79,0.56
0.599,-1.79,0.62
0.598,-1.84,0.35
0.597,-1.72,0.42
0.596,-1.72,0.44
0.595,-1.98,0.42
0.594,-2.25,0.44
0.593,-2.49,0.49
0.592,-2.62,0.55
0.591,-2.28,0.38
0.59,-2.20,0.70
0.589,-2.42,0.58
0.588,-2.52,0.55
0.587,-2.45,0.46
0.586,-2.34,0.66
0.585,-2.34,0.88
0.584,-2.32,0.61
0.583,-2.61,0.71
0.582,-2.66,0.40
0.581,-2.64,0.23
0.58,-2.34,0.23
0.579,-2.07,-0.10
0.578,-1.99,-0.02
0.577,-1.83,-0.05
0.576,-1.81,0.05
0.575,-1.83,-0.04
0.574,-2.01,0.09
0.573,-2.17,0.13
0.572,-2.53,0.05
0.571,-2.59,0.26
0.57,-2.56,0.31
0.569,-2.54,0.60
0.568,-2.38,0.38
0.567,-2.42,0.35
0.566,-2.66,0.19
0.565,-2.83,0.27
0.564,-3.15,0.38
0.563,-3.38,0.50
0.562,-3.51,0.35
0.561,-3.66,0.42
0.56,-3.61,0.47
0.559,-3.92,0.46
0.558,-3.92,0.55
0.557,-4.24,0.52
0.556,-4.15,0.50
0.555,-4.19,0.50
0.554,-4.05,0.56
0.553,-4.36,0.55
0.552,-4.56,0.69
0.551,-4.65,0.51
0.55,-4.65,0.65
0.549,-4.74,0.60
0.548,-4.72,0.62
0.547,-4.80,0.62
0.546,-4.86,0.65
0.545,-5.12,0.59
0.544,-5.38,0.47
0.543,-5.23,0.66
0.542,-5.69,0.36
0.541,-5.64,0.66
0.54,-5.44,0.48
0.539,-5.47,0.53
0.538,-5.30,0.67
0.537,-5.22,0.31
0.536,-5.15,0.61
0.535,-5.04,0.45
0.534,-4.84,0.29
0.533,-4.65,0.21
0.532,-4.32,0.28
0.531,-4.32,0.13
0.53,-4.19,0.17
0.529,-3.90,0.20
0.528,-4.04,0.16
0.527,-3.87,0.25
0.526,-3.75,0.13
0.525,-3.76,0.06
0.524,-3.66,-0.03
0.523,-3.61,0.19
0.522,-3.69,0.21
0.521,-3.77,0.21
0.52,-3.74,0.28
0.519,-3.68,0.26
0.518,-3.76,0.36
0.517,-3.65,0.37
0.516,-3.82,0.42
0.515,-3.74,0.47
0.514,-3.68,0.42
0.513,-3.61,0.47
0.512,-3.51,0.51
0.511,-3.46,0.42
0.51,-3.49,0.29
0.509,-3.67,0.24
0.508,-3.33,0.15
0.507,-3.14,0.24
0.506,-2.99,0.18
0.505,-2.85,0.18
0.504,-2.73,0.19
0.503,-2.63,0.16
0.502,-2.56,0.20
0.501,-2.49,0.24
0.5,-2.34,0.18
0.499,-2.23,0.18
0.498,-2.33,0.38
0.497,-2.36,0.08
0.496,-2.51,-0.02
0.495,-2.65,0.08
0.494,-2.55,0.20
0.493,-2.66,-0.02
0.492,-2.71,0.02
0.491,-2.72,0.05
0.49,-2.84,0.07
0.489,-3.29,0.03
0.488,-3.66,0.05
0.487,-3.81,0.13
0.486,-3.84,0.21
0.485,-3.80,0.27
0.484,-3.74,0.14
0.483,-3.64,0.27
0.482,-4.17,0.28
0.481,-4.49,0.33
0.48,-4.40,0.32
0.479,-4.51,0.39
0.478,-4.85,0.45
0.477,-5.02,0.34
0.476,-5.14,0.43
0.475,-5.22,0.40
0.474,-5.48,0.31
0.473,-5.79,0.20
0.472,-6.01,0.24
0.471,-6.60,0.14
0.47,-6.33,0.21
0.469,-6.60,0.31
0.468,-6.73,0.29
0.467,-6.87,0.33
0.466,-7.00,0.30
0.465,-6.91,0.32
0.464,-6.98,0.16
0.463,-7.22,0.35
0.462,-7.34,0.25
0.461,-7.33,0.36
0.46,-7.07,0.39
0.459,-6.77,0.35
0.458,-6.70,0.44
0.457,-6.87,0.48
0.456,-6.81,0.30
0.455,-6.68,0.37
0.454,-6.63,0.53
0.453,-6.56,0.43
0.452,-6.25,0.53
0.451,-6.10,0.49
0.45,-6.24,0.63
0.449,-6.34,0.61
0.448,-6.50,0.62
0.447,-6.55,0.45
0.446,-6.50,0.67
0.445,-6.38,0.61
0.444,-6.43,0.66
0.443,-6.31,0.82
0.442,-6.16,0.86
0.441,-6.25,0.86
0.44,-6.25,0.79
0.439,-6.44,0.94
0.438,-6.43,0.85
0.437,-6.24,0.83
0.436,-5.86,0.96
0.435,-6.15,1.03
0.434,-6.05,1.09
0.433,-5.93,0.93
0.432,-5.78,1.09
0.431,-5.62,1.08
0.43,-5.16,0.96
0.429,-5.19,0.91
0.428,-5.40,0.56
0.427,-5.12,0.00
0.426,-4.92,0.69
0.425,-4.67,0.37
0.424,-4.46,-0.02
0.423,-4.04,0.09
0.422,-3.70,0.22
0.421,-3.26,0.33
0.42,-2.71,0.19
0.419,-1.98,0.27
0.418,-1.64,0.21
0.417,-1.40,0.22
0.416,-0.34,0.30
0.415,-0.19,0.20
0.414,-0.36,0.17
0.413,0.00,0.07
0.412,-0.24,0.01
0.411,-0.23,0.07
0.41,0.14,-0.05
0.409,0.41,-0.02
0.408,0.23,0.16
0.407,0.27,-0.06
0.406,0.21,-0.07
0.405,0.35,-0.06
0.404,0.75,0.03
0.403,0.39,-0.03
0.402,-0.20,-0.10
0.401,-0.61,-0.06
0.4,-0.94,-0.03
0.399,-1.40,-0.07
0.398,-1.71,0.10
0.397,-1.59,-0.03
0.396,-2.27,0.26
0.395,-2.09,0.16
0.394,-2.22,0.23
0.393,-2.17,0.23
0.392,-2.08,0.23
0.391,-2.50,0.26
0.39,-2.78,0.21
0.389,-2.96,0.29
0.388,-3.06,0.42
0.387,-2.80,0.26
0.386,-3.80,0.20
0.385,-3.66,0.25
0.384,-3.45,0.38
0.383,-3.52,0.41
0.382,-3.72,0.33
0.381,-3.72,0.47
0.38,-3.86,0.39
0.379,-4.05,0.35
0.378,-4.39,0.22
0.377,-4.60,0.32
0.376,-4.96,0.29
0.375,-5.14,0.21
0.374,-5.31,0.24
0.373,-5.51,0.23
0.372,-5.15,0.37
0.371,-5.12,0.37
0.37,-5.25,0.34
0.369,-5.32,0.42
0.368,-5.64,0.30
0.367,-5.63,0.51
0.366,-5.64,0.41
0.365,-5.76,0.42
0.364,-5.65,0.49
0.363,-5.89,0.40
0.362,-5.90,0.47
0.361,-5.40,0.52
0.36,-4.95,0.55
0.359,-5.23,0.37
0.358,-5.21,0.52
0.357,-5.52,0.47
0.356,-5.46,0.55
0.355,-5.71,0.55
0.354,-5.40,0.60
0.353,-5.19,0.66
0.352,-5.30,0.58
0.351,-5.47,0.67
0.35,-5.28,0.73
0.349,-5.12,0.83
0.348,-5.32,0.58
0.347,-5.37,0.71
0.346,-5.35,0.79
0.345,-5.21,0.74
0.344,-4.90,0.90
0.343,-4.74,0.88
0.342,-4.91,0.73
0.341,-4.65,1.04
0.34,-3.95,0.76
0.339,-3.61,0.47
0.338,-3.07,0.47
0.337,-2.91,0.37
0.336,-2.13,0.43
0.335,-1.72,0.31
0.334,-1.09,0.02
0.333,-0.80,-0.09
0.332,-0.30,0.55
0.331,-0.17,0.01
0.33,-0.22,0.08
0.329,-0.21,-0.10
0.328,-0.38,-0.09
0.327,-0.59,-0.09
0.326,-0.57,-0.07
0.325,-0.79,-0.05
0.324,-0.93,-0.10
0.323,-1.11,0.02
0.322,-1.19,0.10
0.321,-1.37,0.12
0.32,-1.61,0.28
0.319,-1.92,0.07
0.318,-2.23,0.13
0.317,-2.15,0.21
0.316,-2.12,0.21
0.315,-2.11,0.07
0.314,-1.88,0.20
0.313,-1.80,0.15
0.312,-2.05,0.16
0.311,-2.16,0.26
0.31,-2.31,0.28
0.309,-2.40,0.34
0.308,-2.63,0.35
0.307,-2.97,0.32
0.306,-2.96,0.40
0.305,-3.07,0.30
0.304,-3.09,0.24
0.303,-3.25,0.24
0.302,-3.44,0.28
0.301,-3.58,0.38
0.3,-3.75,0.40
0.299,-3.68,0.46
0.298,-3.68,0.39
0.297,-3.84,0.50
0.296,-3.77,0.47
0.295,-4.07,0.55
0.294,-4.15,0.49
0.293,-4.16,0.53
0.292,-3.67,0.48
0.291,-3.41,0.44
0.29,-3.30,0.45
0.289,-3.12,0.38
0.288,-3.17,0.20
0.287,-2.91,0.21
0.286,-2.85,0.19
0.285,-2.92,0.19
0.284,-3.10,0.23
0.283,-3.45,0.24
0.282,-3.86,0.26
0.281,-4.22,0.29
0.28,-4.25,0.31
0.279,-4.47,0.44
0.278,-4.57,0.52
0.277,-4.75,0.52
0.276,-5.07,0.33
0.275,-5.09,0.50
0.274,-5.35,0.50
0.273,-5.58,0.22
0.272,-5.16,0.47
0.271,-5.27,0.62
0.27,-5.50,0.62
0.269,-5.75,0.50
0.268,-5.45,0.30
0.267,-5.25,0.56
0.266,-5.04,0.58
0.265,-4.96,0.61
0.264,-5.02,0.51
0.263,-4.75,0.58
0.262,-5.09,0.54
0.261,-4.76,0.60
0.26,-4.70,0.62
0.259,-4.58,0.64
0.258,-4.58,0.67
0.257,-4.55,0.69
0.256,-4.58,0.67
0.255,-4.59,0.49
0.254,-4.72,0.72
0.253,-4.60,0.62
0.252,-4.37,0.81
0.251,-4.57,0.74
0.25,-4.28,0.66
0.249,-4.16,0.62
0.248,-3.88,0.62
0.247,-3.52,0.60
0.246,-3.02,0.74
0.245,-2.40,0.74
0.244,-2.47,0.45
0.243,-2.25,0.18
0.242,-1.87,0.05
0.241,-1.42,0.18
0.24,-1.31,0.20
0.239,-1.40,-0.05
0.238,-1.66,-0.05
0.237,-1.88,0.01
0.236,-2.26,0.09
0.235,-2.52,0.10
0.234,-2.66,0.32
0.233,-2.74,0.25
0.232,-2.78,0.50
0.231,-3.06,0.56
0.23,-3.25,0.62
0.229,-3.31,0.30
0.228,-3.37,0.68
0.227,-3.35,0.49
0.226,-3.45,0.51
0.225,-3.41,0.67
0.224,-3.40,0.72
0.223,-3.46,0.77
0.222,-3.36,0.83
0.221,-3.06,0.52
0.22,-2.89,0.27
0.219,-2.55,0.29
0.218,-1.93,0.22
0.217,-1.57,0.13
0.216,-1.28,0.27
0.215,-1.29,0.14
0.214,-1.21,0.16
0.213,-1.06,0.25
0.212,-1.15,0.38
0.211,-1.21,0.20
0.21,-1.30,0.20
0.209,-1.27,0.30
0.208,-1.32,0.38
0.207,-1.49,0.35
0.206,-1.57,0.28
0.205,-1.58,0.30
0.204,-1.49,0.30
0.203,-1.41,0.20
0.202,-1.55,0.10
0.201,-1.72,0.06
0.2,-1.85,0.13
0.199,-1.90,0.19
0.198,-2.04,0.41
0.197,-2.42,0.25
0.196,-2.62,0.33
0.195,-2.76,0.30
0.194,-2.81,0.38
0.193,-2.86,0.53
0.192,-2.62,0.39
0.191,-3.05,0.52
0.19,-3.35,0.59
0.189,-3.39,0.69
0.188,-3.47,0.77
0.187,-3.71,0.75
0.186,-3.84,0.75
0.185,-3.88,0.78
0.184,-4.04,0.72
0.183,-4.28,0.49
0.182,-4.46,0.57
0.181,-4.22,0.66
0.18,-3.94,0.66
0.179,-3.99,0.62
0.178,-4.35,0.56
0.177,-4.22,0.64
0.176,-4.15,0.59
0.175,-4.50,0.43
0.174,-4.42,0.65
0.173,-4.31,0.60
0.172,-4.42,0.61
0.171,-4.16,0.68
0.17,-4.30,0.64
0.169,-4.43,0.60
0.168,-5.17,0.60
0.167,-4.96,0.63
0.166,-4.70,0.63
0.165,-4.60,0.69
0.164,-4.60,0.76
0.163,-4.79,0.78
0.162,-4.84,0.83
0.161,-4.45,0.91
0.16,-4.85,0.86
0.159,-5.43,0.68
0.158,-5.66,0.64
0.157,-5.79,0.74
0.156,-5.42,0.74
0.155,-5.45,0.46
0.154,-5.22,0.72
0.153,-4.64,0.69
0.152,-4.41,0.82
0.151,-4.55,0.86
0.15,-4.70,0.80
0.149,-4.51,0.78
0.148,-4.56,0.84
0.147,-4.49,0.88
0.146,-4.33,0.95
0.145,-4.51,0.88
0.144,-4.73,0.96
0.143,-4.47,1.05
0.142,-4.47,0.96
0.141,-4.33,1.06
0.14,-4.32,1.02
0.139,-4.38,1.07
0.138,-4.16,1.11
0.137,-3.95,1.10
0.136,-3.71,0.96
0.135,-3.62,1.05
0.134,-3.26,0.84
0.133,-2.88,0.64
0.132,-2.35,0.77
0.131,-1.96,0.42
0.13,-1.51,0.53
0.129,-0.86,0.42
0.128,-0.05,0.39
0.127,0.59,0.21
0.126,0.92,0.03
0.125,1.41,-0.03
0.124,1.56,0.19
0.123,1.56,-0.04
0.122,1.37,0.03
0.121,1.10,0.05
0.12,1.00,0.01
0.119,0.63,0.01
0.118,0.27,0.33
0.117,-0.09,0.26
0.116,-0.48,0.18
0.115,-0.74,0.22
0.114,-1.03,0.48
0.113,-1.31,0.56
0.112,-1.53,0.50
0.111,-1.84,0.57
0.11,-1.91,0.53
0.109,-1.76,0.51
0.108,-1.91,0.33
0.107,-1.78,0.46
0.106,-1.41,0.43
0.105,-1.13,0.48
0.104,-0.92,0.57
0.103,-1.02,0.47
0.102,-1.11,0.62
0.101,-1.12,0.54
0.1,-1.01,0.43
0.099,-1.29,0.37
0.098,-1.24,0.37
0.097,-1.34,0.48
0.096,-1.47,0.47
0.095,-1.74,0.54
0.094,-1.87,0.35
0.093,-1.95,0.59
0.092,-2.05,0.54
0.091,-2.22,0.57
0.09,-2.30,0.64
0.089,-2.52,0.67
0.088,-2.62,0.57
0.087,-2.68,0.54
0.086,-2.44,0.59
0.085,-2.42,0.53
0.084,-2.22,0.48
0.083,-2.06,0.52
0.082,-2.05,0.48
0.081,-2.08,0.42
0.08,-2.21,0.54
0.079,-2.66,0.57
0.078,-3.02,0.57
0.077,-3.09,0.56
0.076,-3.03,0.57
0.075,-3.15,0.53
0.074,-3.51,0.59
0.073,-3.75,0.72
0.072,-4.27,0.65
0.071,-4.44,0.67
0.07,-4.72,0.55
0.069,-5.00,0.53
0.068,-5.17,0.54
0.067,-5.40,0.60
0.066,-5.68,0.45
0.065,-5.60,0.56
0.064,-5.67,0.39
0.063,-5.93,0.33
0.062,-5.69,0.34
0.061,-5.53,0.47
0.06,-5.61,0.43
0.059,-5.36,0.38
0.058,-5.27,0.36
0.057,-4.97,0.45
0.056,-4.87,0.48
0.055,-4.89,0.34
0.054,-4.92,0.54
0.053,-5.09,0.50
0.052,-4.94,0.54
0.051,-4.84,0.62
0.05,-5.08,0.51
0.049,-5.15,0.63
0.048,-5.53,0.53
0.047,-5.70,0.46
0.046,-5.66,0.46
0.045,-5.36,0.59
0.044,-5.45,0.57
0.043,-5.36,0.55
0.042,-5.67,0.52
0.041,-5.78,0.48
0.04,-5.81,0.53
0.039,-6.04,0.53
0.038,-5.84,0.46
0.037,-5.95,0.59
0.036,-5.76,0.63
0.035,-5.49,0.69
0.034,-5.64,0.69
0.033,-5.60,0.76
0.032,-5.49,0.71
0.031,-5.90,0.70
0.03,-5.91,0.75
0.029,-5.65,0.71
0.028,-5.88,0.83
0.027,-6.23,0.74
0.026,-6.19,0.80
0.025,-6.00,0.84
0.024,-5.98,0.83
0.023,-6.05,0.92
0.022,-5.82,0.92
0.021,-5.74,0.96
0.02,-5.91,0.94
0.019,-5.95,0.98
0.018,-5.51,0.85
0.017,-5.31,0.78
0.016,-4.99,0.77
0.015,-4.39,0.66
0.014,-3.63,0.51
0.013,-3.15,0.52
0.012,-2.35,0.40
0.011,-1.52,0.48
0.01,-1.14,0.30
0.009,-0.55,0.27
0.008,-0.35,0.22
0.007,-0.23,0.15
0.006,-0.40,0.06
0.005,-0.30,0.08
0.004,-0.33,0.02
0.003,-0.15,-0.03
0.002,-0.25,0.02
0.001,-0.48,-0.06
0,-0.05,0.00
