0.0,284.1331213452261,0.24050116520663462
0.001,280.4281497430369,0.4548393956004097
0.002,277.82864375357565,0.5642550528552847
0.003,275.61319493876954,0.8109104065445566
0.004,273.06837377500636,0.7624685217600607
0.005,269.44653613569074,0.753661869710152
0.006,264.57487210291265,0.7716631706930546
0.007,260.66413483954886,0.7571393376915077
0.008,259.7756959779838,0.6900410547977004
0.009000000000000001,261.01436768879614,0.702642540918685
0.01,264.0627075765099,0.7645312494489488
0.011,266.78076264207965,0.6806855124719629
0.012,253.88490236821463,0.4627805796938629
0.013000000000000001,239.93317858818892,0.48322657688700693
0.014,239.2774205172806,0.5641312896760762
0.015,229.36198725670346,0.4040559742537352
0.016,223.13685692070004,0.5298992162183817
0.017,202.77091682436676,0.6152672863881374
0.018000000000000002,189.13882847691258,0.45687237991437635
0.019,190.46891233264625,0.7277665374414366
0.02,192.67745030783004,0.7959645766796282
0.021,189.9359500759366,0.8485532196415567
0.022,187.8078072661634,0.8393219439319083
0.023,189.16690585396617,0.6893206578725182
0.024,185.88356094465877,0.9861394403656949
0.025,182.3536750808486,1.27943579161005
0.026000000000000002,184.28065996820231,0.9213085895218159
0.027,187.97891790522044,0.7080684914698301
0.028,190.41005774644364,0.6115001920932934
0.029,192.21336173742935,0.6349177861744153
0.03,189.14714180735822,0.6747848416964617
0.031,187.48554960284673,0.958175874623918
0.032,193.32008693146702,0.6882922933162048
0.033,196.53671395956098,0.7861153185337617
0.034,196.07849240987292,0.5787760957647801
0.035,201.34702675136577,0.6955804532827
0.036000000000000004,201.36153578381393,0.7115018144254178
0.037,205.71490620541107,0.6511831974258783
0.038,211.08960594017142,0.7346994904659344
0.039,205.85664381755518,0.6107545865428083
0.04,196.0447982039969,0.7577297580368677
0.041,201.17057221445592,1.0846496400129855
0.042,202.65431155918913,1.0433861735443655
0.043000000000000003,203.8689372710513,0.985807272258159
0.044,203.46440548694116,0.9524646461912987
0.045,210.67699382386397,0.8403238814470668
0.046,219.30427361454713,0.9811636106256596
0.047,211.93682978099446,0.9300933267662219
0.048,203.85538123465366,1.056841723402898
0.049,201.38129295300772,1.2234575924426754
0.05,204.60497133493377,1.1485434362170133
0.051000000000000004,208.69666436656235,1.248187193635591
0.052000000000000005,215.122101861003,1.1795890387084258
0.053,222.1049741173808,1.1067682537379426
0.054,220.70960902097926,1.2382566714918124
0.055,214.46068048847422,1.1154559251110852
0.056,210.51914104732944,1.194708920479344
0.057,214.02218892876047,1.4914766720636685
0.058,222.7038756836215,1.2017154516589958
0.059000000000000004,227.94493825611585,1.3310989118042813
0.06,220.40357451338744,1.1188856497957267
0.061,211.76427545921155,1.0627736823515908
0.062,206.51250423175298,1.3509414731077536
0.063,200.41555108720698,1.2802815354862085
0.064,198.88424583358812,1.2435419792591724
0.065,201.11050481910408,1.1244031120262117
0.066,201.3717274291148,1.377460952326606
0.067,203.9316041859089,1.6215838889060614
0.068,202.42753706097395,1.4152975296776955
0.069,205.16367425205735,1.3502836124777302
0.07,214.6656982953553,1.4578623768278198
0.07100000000000001,228.33395481591276,1.3046904544768578
0.07200000000000001,236.83582615001043,1.3025733463241518
0.073,232.5534561617067,1.2817316071787044
0.074,233.28222285129044,1.3477968932180429
0.075,243.54588346051096,1.3570663893671326
0.076,245.92058292348995,1.3232507066931467
0.077,233.62066398588718,1.4191690865330595
0.078,225.56039551811398,1.3335800986443511
0.079,227.2289447037806,1.3230161987090032
0.08,231.89555704637277,1.3163131319677246
0.081,232.01508925615212,1.3510660738782447
0.082,236.88948438914562,1.2859771868450842
0.083,245.36312221227993,1.4158320189020503
0.084,247.29243339519965,1.2873230378003464
0.085,238.7470058565434,1.489470572252207
0.08600000000000001,228.31874248383986,1.541595935240508
0.08700000000000001,222.31028937345894,1.5697125990950922
0.088,221.22421287821697,1.564218980687967
0.089,225.0700254687629,1.4142552314564953
0.09,229.43781806870078,1.447345089928416
0.091,231.31714654983344,1.459742651735854
0.092,232.61711702269787,1.4880516944361926
0.093,234.11031461263408,1.6944510941337942
0.094,238.5191848473069,1.4936631088658257
0.095,243.01307768112912,1.5616367671974694
0.096,245.46438366634368,1.5114591916665001
0.097,243.62033386664461,1.8075402924276656
0.098,241.29082795364792,1.4935397545601143
0.099,242.85745485876714,1.604228826108319
0.1,245.5782579816669,1.5327512883014227
0.101,245.79573242519183,1.5979691866039265
0.10200000000000001,240.8253989068336,1.5806214128359946
0.10300000000000001,239.30796427401782,1.57064302195959
0.10400000000000001,242.71916630448024,1.644446155345364
0.105,244.88311018475244,1.906352527710956
0.106,245.69473683538826,1.8606184156737502
0.107,241.52886291649614,2.1954887828919345
0.108,239.00439126983196,2.7014252789759023
0.109,241.52252986540836,1.9196646970273388
0.11,245.2622454210406,2.0975358798214896
0.111,250.21209583764758,2.71451247295499
0.112,256.1604878401086,2.3482698719918824
0.113,260.9767106565209,1.7558420605678573
0.114,266.28936991755876,1.989893173485992
0.115,273.64342370584194,1.9233992117149745
0.116,275.0012053922478,1.8414625502004647
0.117,274.5066300151835,2.119305277850791
0.11800000000000001,274.5117123555515,2.3885309829848023
0.11900000000000001,273.34672599323426,2.028947731973838
0.12,272.99120143925404,1.5983935889792131
0.121,276.4382248543684,1.9287015215128294
0.122,278.28984883475204,1.6637313630064765
0.123,278.54667430876174,2.026962289020649
0.124,278.01100374365217,1.9766196988420435
0.125,277.0647468593808,1.8375669986418242
0.126,275.1865078065071,1.9977826800160734
0.127,275.39761554987655,1.6554269928257348
0.128,277.6580374209866,1.3728884676617108
0.129,271.76934532497904,1.5683675193058109
0.13,258.5638583841243,2.118609187328956
0.131,246.21522719904212,1.660143514269219
0.132,234.1531313576698,2.1821719458980184
0.133,225.70572286744397,1.9927155661898086
0.134,218.7852212258199,2.2315932742574036
0.135,211.14566346438508,3.0680286598652646
0.136,205.96868223895746,2.8335908499696107
0.137,202.51587285207157,2.1511995440424174
0.138,199.74578366781927,2.3881018665660365
0.139,197.15562477086462,1.8451761508955544
0.14,193.5133999257187,1.785117079274031
0.14100000000000001,193.51951589682133,3.175863688423148
0.14200000000000002,195.35287963005922,2.5834804389198194
0.14300000000000002,196.05472217487716,2.399893191027711
0.14400000000000002,195.29070734335107,2.696939493718198
0.145,194.98595714259974,2.5197444454515954
0.146,193.9935328404377,1.9705370343141346
0.147,194.28484566406803,3.4957263128616285
0.148,196.0408559556296,3.6115299004475077
0.149,199.47443132435396,2.9932367163216913
0.15,202.01289566117603,2.5576850242000053
0.151,202.5737296001648,2.2521544693934232
0.152,201.99981600768618,3.4307852185577214
0.153,200.8034466609885,3.7806415042019816
0.154,198.5731338725722,2.4055096213052987
0.155,195.31961412734378,2.6447937430363697
0.156,191.47721840288017,2.8650819750241903
0.157,189.07238136664787,3.9328599254956504
0.158,187.98541745179327,3.754486851869827
0.159,187.46945787125975,2.636984300767317
0.16,187.2982266552082,2.4758972038947484
0.161,191.4924982496441,4.783994615076326
0.162,197.10571280077212,5.910470672943441
0.163,200.80801778621688,5.228271633896075
0.164,200.59465192709513,2.4764551681845623
0.165,196.43387539737324,3.360933935192448
0.166,192.6732168028315,2.7503105428237355
0.167,189.3114906546058,2.5467227432585084
0.168,186.7142777088663,2.4537522134025234
0.169,189.33683139646072,2.457466090063442
0.17,194.80268448248015,3.5931576664701534
0.171,197.60578493025395,4.069981471705363
0.17200000000000001,198.23708637334775,3.1951103804240373
0.17300000000000001,198.71048486554508,4.36747068979192
0.17400000000000002,198.5134133396168,3.8283770926609924
0.17500000000000002,197.02506900001185,3.0803860142860247
0.176,194.1593917273188,2.7123706581320226
0.177,190.7459706537132,2.303932570998992
0.178,191.99133312846746,2.797917490081537
0.179,199.36813726678616,3.899914429657778
0.18,207.46655220598535,2.9521455782812263
0.181,212.9610752573182,3.0542594115212234
0.182,213.47460634335576,2.667373017785036
0.183,205.86185502660948,2.766447879274329
0.184,199.95432802025337,2.7681670128217704
0.185,199.3154933164257,3.4655580754693918
0.186,201.51848415972577,3.491043142465451
0.187,204.54552967214218,3.5121225539658556
0.188,209.63741736981584,3.1776688221018534
0.189,219.73914923973308,2.9971571272818904
0.19,229.08744261344506,2.9015141549597074
0.191,229.82524558105055,2.8961657105954717
0.192,223.5616238256673,2.560104583289131
0.193,219.45198018172923,2.78914424794818
0.194,220.64357722876022,3.791794421856136
0.195,222.7437616613181,2.8039893315926148
0.196,222.8925307164531,2.980919744220568
0.197,225.3291115385821,3.307851854869511
0.198,233.72023248846142,2.3945975194053224
0.199,242.75243655181015,2.860540729606498
0.2,248.25951102263625,4.624293693133156
0.201,249.42588304360578,4.122974532326895
0.202,247.25582578001996,2.7500152737735357
0.203,244.42947816072146,2.8009703749212265
0.20400000000000001,244.72264125439267,2.8204330871801013
0.20500000000000002,240.9259827307606,2.4894322973427903
0.20600000000000002,232.42676933779973,1.8500053347013203
0.20700000000000002,229.02558158361728,1.9372460998983356
0.20800000000000002,233.49585469900606,1.8764925587894825
0.209,237.84099326616138,1.7586919064244932
0.21,243.79817305594943,1.8116054856402766
0.211,247.6281776518392,1.860562944912838
0.212,247.5425760089857,2.0498914733899447
0.213,248.3206270107709,2.3723942260515187
0.214,247.17265580185938,2.2058423576434283
0.215,243.61912931099405,2.4616395013940484
0.216,242.56627977909363,2.2266932342853742
0.217,247.43029814247313,1.9989692283892013
0.218,248.04150786613127,2.1499384912533093
0.219,240.5895908462695,2.800556374180632
0.22,228.2945856489907,3.567558340415297
0.221,217.68056468083822,2.8013348574720593
0.222,211.82918466302925,2.451237432819895
0.223,208.0479717972781,2.417835571894149
0.224,205.65552393533952,2.761628125203914
0.225,203.66653823278455,3.4902392098963158
0.226,205.8505982936283,3.176658016103849
0.227,218.25347819807715,2.3820437877658645
0.228,231.3846013498027,2.3762330912307625
0.229,231.73685014850975,2.292462521916509
0.23,228.9907247392737,2.9818638401280912
0.231,230.6480926028049,2.840761582347735
0.232,234.56276632932747,2.5254101875251407
0.233,240.25901268413716,2.911033402051774
0.234,243.8816306279387,5.075460070319935
0.23500000000000001,246.82316963610486,5.004378854242419
0.23600000000000002,247.02522089999522,2.693148443165548
0.23700000000000002,245.6614074905755,2.018298370041054
0.23800000000000002,243.19468315594563,1.9428038225194482
0.23900000000000002,243.81624762819825,1.9678241385128712
0.24,249.66499133598433,2.136265966875062
0.241,257.52501981188755,2.572155316280714
0.242,268.1587601312528,2.214496589751187
0.243,275.7076837238276,2.222620830969238
0.244,266.6296437722898,2.301431760059432
0.245,249.4064809033598,1.9561559986757473
0.246,232.92907460465386,2.159316542915884
0.247,221.11191951471412,2.679768236715809
0.248,216.23371005071718,3.9359203862594385
0.249,213.89816079540586,3.285341205590066
0.25,209.92751851898612,3.7422138277443704
0.251,206.54384619437766,3.6213049606983336
0.252,205.43016049716218,2.4892403256591953
0.253,199.93450684910133,2.340288490058475
0.254,196.15416127015973,2.5130453574415283
0.255,196.06591985027637,2.9741453590851084
0.256,198.30240266914635,3.0435045199239465
0.257,201.27198737139756,2.3909624694880685
0.258,203.4395857263504,2.6727152322837986
0.259,204.63861380893073,2.812249882454743
0.26,205.6670612061246,2.972055553180806
0.261,207.28162236401474,2.3590755068691966
0.262,209.8602427393352,2.3166032863615356
0.263,216.36053920012546,2.69356559584335
0.264,222.39213081776703,3.208218095403507
0.265,219.98884158021554,3.086885968631784
0.266,209.790267122966,2.9139844104498756
0.267,203.85293851287685,2.656211524646421
0.268,194.84814898272168,2.7634480587854373
0.269,189.79113427775405,2.3665281481969274
0.27,192.94680723186718,2.6431274276231296
0.271,194.5425786095706,2.7151089115949123
0.272,190.09592625140277,2.669820936279269
0.273,189.64552324698934,2.5087345860436985
0.274,192.30381715873872,2.4866735657600874
0.275,194.8823231505336,2.4811920836520205
0.276,196.25228210756563,2.902052338002457
0.277,196.00514970992987,2.950265031508942
0.278,197.86588969654088,2.796696430120349
0.279,202.14642434055241,2.6061026855819773
0.28,207.11439733246755,2.591568828182812
0.281,213.05348890918802,2.486818659540537
0.28200000000000003,219.49093367187945,2.6389600734306446
0.28300000000000003,225.7197339555165,3.366776548013128
0.28400000000000003,229.24227473199986,3.332857727260765
0.28500000000000003,229.91601480555718,2.9500612539835234
0.28600000000000003,228.14383600293556,2.429655693300745
0.28700000000000003,228.60958468598628,2.197626980574235
0.28800000000000003,231.17768117820202,2.093228300426446
0.289,233.28000276053004,3.2173118760102395
0.29,231.56318651564038,2.9629639066148696
0.291,222.80957865185897,2.294402544429636
0.292,213.735171284823,2.630519698546454
0.293,207.91043889595466,2.739097265089476
0.294,206.55506266805443,2.542163930459635
0.295,209.38438170256012,2.584086185977561
0.296,212.08016133243734,3.0898123877680104
0.297,213.55062062590054,3.1471378815330042
0.298,215.50937740408128,3.369679852325056
0.299,220.75923847932256,2.4355576625148747
0.3,228.87115772769536,2.4417955053282787
0.301,235.18378082470147,2.589056438966862
0.302,237.6527373868949,2.7302174800849928
0.303,237.61554917088682,2.5344291768678233
0.304,239.17889703056198,2.6611855515261404
0.305,243.2661709807447,2.5208608880269274
0.306,247.68494086980365,2.4575123820271827
0.307,245.67559175879006,2.5843924097621684
0.308,235.07360495447992,2.520337743155826
0.309,227.69902324635981,2.5781823460032034
0.31,228.06642723466493,2.225516007216561
0.311,232.85725291860672,2.4899604115407916
0.312,237.34697961586605,2.326070466839239
0.313,241.94178465113183,2.3736174867330178
0.314,249.34429840826354,2.4995729971862515
0.315,255.05195421418628,2.3882152551253917
0.316,256.32716873105073,2.4464854813376498
0.317,259.2811247379434,2.336262424282312
0.318,254.1961974779867,2.202560378931061
0.319,244.2526513826098,2.526737209123496
0.32,241.25134817983118,2.5820154777905584
0.321,248.56871753382794,2.6623037249357604
0.322,252.28287991947826,2.7158414468597076
0.323,255.79905666922897,3.082368359443228
0.324,258.6373304087079,2.4680386094841307
0.325,260.3725320051987,2.409124102983407
0.326,262.3210618384359,2.406440314869965
0.327,264.53105602892,2.474965932324718
0.328,266.6335333422298,2.323633429398935
0.329,270.4863092018589,2.2342526786429717
0.33,272.17652982319015,2.380045069500173
0.331,269.1335084175844,2.679031627539822
0.332,269.1870933817741,2.327450519917157
0.333,273.5898150459822,2.170007675682179
0.334,282.54182719589323,1.8290151703834292
0.335,290.02025137449067,1.9147662612100864
0.336,285.5781535252726,2.162355983921704
0.337,276.754064380153,1.946904858542902
0.338,261.0794778159371,2.4043960671642726
0.339,245.71650901134808,2.357589862260432
0.34,238.5513050249802,2.4769724407986313
0.341,239.0508782730639,3.120316436459321
0.342,242.62079806624666,3.784445487097805
0.343,234.54659281334898,2.974727048659731
0.34400000000000003,212.37544933121023,2.5979308824258878
0.34500000000000003,203.4074388439713,2.667353561602638
0.34600000000000003,203.66371810000206,2.8094717536367186
0.34700000000000003,208.39378271979606,2.817954765036414
0.34800000000000003,213.98958537495864,3.1469625605578293
0.34900000000000003,219.03738727267262,3.094082794438401
0.35000000000000003,222.11321338989862,4.199440867474945
0.35100000000000003,221.97458396830402,4.120101454789261
0.352,220.05708873883557,3.089884577646339
0.353,216.46576252580869,2.8676046006824722
0.354,212.60517065897224,2.8834250875555383
0.355,209.9651838455783,3.0670167568840916
0.356,208.0686722472924,3.45456781122987
0.357,203.82926528828278,5.288011012532013
0.358,199.24579179162686,4.956715469376553
0.359,193.53587112817573,3.334250325058096
0.36,188.65521880738947,3.2799599287759413
0.361,185.56392034724993,3.368345191682237
0.362,185.56296592145262,3.440433219843708
0.363,188.01476751522642,3.8726210657745863
0.364,193.94268018979622,4.389996885398761
0.365,199.15591937023694,3.5465494900890997
0.366,203.98794652843372,4.19907158401384
0.367,206.070811907186,4.788113894865742
0.368,205.96631544531323,3.4439213920746665
0.369,206.01910714265327,4.854866774152795
0.37,204.0833102552364,5.8773105980203555
0.371,202.53810163222028,4.081131646874573
0.372,200.79825713996715,3.417822194655356
0.373,200.4781923092652,3.568696848058966
0.374,204.07511295841093,3.215192202743747
0.375,211.90648469073037,3.1514079199746012
0.376,218.76495288422146,3.546612436293602
0.377,224.2352898039691,3.229460987498324
0.378,227.8915796835019,3.5819559266092673
0.379,229.1745176593066,3.555946399422247
0.38,228.8900690778814,5.942150352033712
0.381,227.46138299750174,7.213506208195578
0.382,226.33967249657894,5.385833456607439
0.383,229.0370090278882,3.3177972565388885
0.384,234.65741396639908,3.19673880145029
0.385,239.02410707234998,3.2342702288373126
0.386,240.37039948843852,3.3146559884889415
0.387,242.60191040882634,3.2564777186901965
0.388,245.30185535230842,3.00284231574152
0.389,246.14428336502073,3.2069177575802947
0.39,247.7401258165041,3.9726650387461353
0.391,251.14611256825586,5.1176969302117925
0.392,255.9464006917702,3.3395472498661056
0.393,261.8979023367204,2.2757719318853393
0.394,266.90460702917846,2.5047029384901
0.395,265.1799604658238,3.0569400561254825
0.396,265.6786159801682,5.360090772176861
0.397,269.7071637090615,5.358924058372964
0.398,273.88997607299666,3.8666143505014707
0.399,276.7793846190977,3.307462313333656
0.4,279.2486881739828,2.719356228657082
0.401,281.9160475251824,2.7454645479765065
0.402,281.26714581749457,2.782124014134575
0.403,277.75581586273194,2.594345174782952
0.404,276.78714853409025,3.0887687430861974
0.405,278.54241007807065,2.4740057101316504
0.406,280.3477118720655,3.0725981622511553
0.40700000000000003,282.6984873609373,2.510051376036241
0.40800000000000003,283.67407401579436,3.3201113565628764
0.40900000000000003,281.49278078605676,2.7229706777724814
0.41000000000000003,279.8882139192176,2.508038789894338
0.41100000000000003,281.6466130894737,2.677272697250697
0.41200000000000003,280.0423263214029,3.446057670427613
0.41300000000000003,275.28789375741104,3.1065813750941174
0.41400000000000003,270.06089958988565,2.5291219862570586
0.41500000000000004,270.54506270569874,2.374943231792734
0.41600000000000004,273.50109479233186,1.7310400082880575
0.417,273.01323807532333,1.7653398316255227
0.418,273.0701627439369,1.6126394578380518
0.419,273.7221838384911,2.0687519973382518
0.42,272.7807480672461,1.5498631350017502
0.421,271.63289187218254,1.934596098877372
0.422,268.78145433382883,1.9218532122842849
0.423,268.7676888711771,1.8641771458426866
0.424,269.23197109791,2.4427880068100443
0.425,269.4948128596962,1.8767346986978144
0.426,268.9995254472454,1.6051696350099947
0.427,260.32542928085326,1.661362406393197
0.428,252.36107195559006,1.6131292199747405
0.429,245.30449542214328,1.5202923666932435
0.43,232.90694935624504,2.951731704521449
0.431,223.59828263064026,2.213051529870688
0.432,223.06356626740535,2.272094856267168
0.433,218.9724588044559,2.857736054156489
0.434,211.1968804733966,1.901903668173553
0.435,207.97026368604278,2.4315068555934767
0.436,209.0296110135676,2.2921337880500507
0.437,208.39711735396702,2.5962020424259964
0.438,205.29424075337107,2.507559877612066
0.439,201.52195124383206,2.289523543122978
0.44,200.8636923972316,2.7446323292270267
0.441,201.46836058758956,2.4096223901855565
0.442,201.65928339001414,2.237561544091596
0.443,201.83347653772933,2.5608325053765153
0.444,201.3199219058925,2.1322999738880393
0.445,199.83777983969452,2.1111870714997925
0.446,199.7193314699831,2.6402465140047546
0.447,200.7505356405758,2.175252802454075
0.448,202.6990299545113,2.062326580195952
0.449,205.40334083586268,2.1714962896261203
0.45,205.36389412554732,2.310714404444677
0.451,202.44144783130625,2.2187336087040603
0.452,202.56462376294442,2.0428347398785465
0.453,203.8509017359172,2.0608497260767993
0.454,201.62329495596597,2.1435116014833704
0.455,197.63711658641284,1.9978703074476052
0.456,193.4358334728006,1.9762100055529241
0.457,193.5902494612647,1.8269191087854775
0.458,200.58165163590786,1.352859786458724
0.459,205.74245041232234,1.4657009591449466
0.46,204.08014539817137,1.950072363090996
0.461,198.0312875635792,1.8833135679275665
0.462,192.53622457711393,2.155342206062247
0.463,192.2730483445079,2.1453116583389575
0.464,196.75609620927773,1.9399819556196893
0.465,203.8212905849792,1.6986144092821553
0.466,209.0041146711277,1.8627835511841517
0.467,207.51350972831912,2.1699108206843296
0.468,204.22950121002603,2.1213681181988266
0.46900000000000003,203.38762044892601,1.9508955073320347
0.47000000000000003,204.71876115977201,1.7395791049311011
0.47100000000000003,210.28275602006553,1.5614049871985634
0.47200000000000003,222.2435266146338,1.471935390087472
0.47300000000000003,236.36357754531872,1.4338333944962862
0.47400000000000003,244.6256536628309,1.4631956229975447
0.47500000000000003,241.0235141886049,1.8726765935596483
0.47600000000000003,234.1772623795349,1.7546210418287382
0.47700000000000004,233.17771091990403,1.7096885159315358
0.47800000000000004,237.10347682774807,1.7570313448268962
0.47900000000000004,237.82273446416275,1.558822647346367
0.48,227.9233201353419,1.3507984182690862
0.481,220.54552272872556,1.8128599396857459
0.482,222.61302826341762,1.786310943209471
0.483,225.54583497216464,1.9418357077152861
0.484,229.8592966331952,1.6991799778405838
0.485,231.56977321701987,1.6158907321758982
0.486,232.09130531325684,1.7319105046573966
0.487,232.23681675925343,1.6146350713836517
0.488,233.33163272559358,1.7244600306103173
0.489,239.1388096496291,1.5928592184920527
0.49,244.566583030312,1.2892692982641136
0.491,244.46956760260628,1.4399193567792201
0.492,244.99797308918747,1.6239194988135963
0.493,243.0752826938243,1.85133498000269
0.494,239.72648619976889,1.8235174617462522
0.495,238.5102394984952,1.8138306372948847
0.496,238.01426071777854,1.7107199998363023
0.497,237.02533976018714,1.9039902828891104
0.498,235.4411566491927,1.7969497041733846
0.499,232.39143230679244,1.6466993030491066
0.5,230.47846396217406,1.6409177995254576
0.501,229.48097931715643,1.7876308224327768
0.502,230.47798190697156,1.6804006764668333
0.503,231.4457692483277,1.7226567731287237
0.504,232.42072056800606,1.7659793239625072
0.505,233.63576055844015,1.6186789990770454
0.506,234.50056602111349,1.7780226247236386
0.507,235.97062196446538,1.9717305405490229
0.508,237.37394883079088,1.7284946773798573
0.509,238.2043781462484,1.6248441812326997
0.51,237.8424405465368,1.576985625502141
0.511,234.97265835524095,1.6926917300420032
0.512,235.77537800781744,1.6681024259678603
0.513,239.10424971719752,1.5712289730645534
0.514,239.43836656638732,1.598183982987334
0.515,239.67973727553198,1.7345039859356572
0.516,242.00247364164383,1.6185840389072197
0.517,245.1380859045923,1.8807402267926736
0.518,246.03509277130038,2.090405136205654
0.519,245.5571936742473,1.6232741137137974
0.52,246.58462116976716,1.6493422872641166
0.521,245.22226131490058,1.5601556976063338
0.522,243.38159189092323,2.5932384615236446
0.523,243.02679116112418,3.328307951003336
0.524,240.2292101689659,1.8013157746986403
0.525,236.40591210759715,1.6774533241050729
0.526,233.79290002691258,1.6796078758705149
0.527,230.32707576685166,1.6394738496150794
0.528,226.7572486573037,1.799559505108614
0.529,223.69145721282348,1.9011161014712232
0.53,221.71190360420027,1.7367411850879146
0.531,221.05676526143645,1.672098213848001
0.532,219.64837565096363,1.6017826513769788
0.533,211.3245682353531,1.4327348032020766
0.534,200.36744216546438,1.3997473414099961
0.535,194.06349313454214,1.3774831470204463
0.536,195.4870430892365,1.5289645044327553
0.537,199.31204213727483,1.9176021350521146
0.538,202.48533078189607,1.921528877039275
0.539,205.87023798599859,1.9096393401045533
0.54,209.49329393706242,1.8153364890143926
0.541,212.185480946403,1.923112569111273
0.542,209.3379304821124,1.8296137877409817
0.543,204.83177155763644,1.7961647296071417
0.544,204.60765260168378,1.9039929446858799
0.545,207.8826672037291,1.793820552487802
0.546,210.02777467939865,2.0410758859042137
0.547,210.11132208618977,1.8980947105259813
0.548,208.10143579599472,1.8225836603965888
0.549,204.44821495535277,2.003992405453467
0.55,206.60116425558726,1.494467514391362
0.551,213.87575073491445,1.5019553829838874
0.552,218.83016829490847,1.4547482942234673
0.553,222.6525669279625,1.2344595193358356
0.554,222.12929767357446,1.2934359242456261
0.555,223.49138223056607,1.7996694961186304
0.556,229.31924699373164,1.6201986121443588
0.557,241.29475659634326,1.3123086723158726
0.558,245.7777969162883,1.129744795232173
0.559,236.89224515952233,1.285534236498194
0.56,229.89820769831252,1.2598019267969234
0.561,229.3905831554332,1.3741095812537403
0.562,232.3915148032071,1.3511729021850234
0.5630000000000001,237.77303241568856,1.4033857194843284
0.5640000000000001,244.57989043803306,1.3562703648603192
0.5650000000000001,249.51021785408312,1.3840435717225297
0.5660000000000001,252.25333435109593,1.2530890109572794
0.5670000000000001,253.84321032682692,1.2112456447961277
0.5680000000000001,253.67812626549468,1.247371087076123
0.5690000000000001,252.15249507346468,1.2083228241784172
0.5700000000000001,250.78848319341012,1.3132754074723652
0.5710000000000001,251.35666077416724,1.345952315545278
0.5720000000000001,249.9948098972788,1.2763682780493237
0.5730000000000001,247.9900959713186,1.3203055209956012
0.5740000000000001,249.63272644815316,1.2988433414718858
0.5750000000000001,251.34715921313745,1.3504575887995032
0.5760000000000001,251.47527929327325,1.333708477780228
0.577,251.95904768129964,1.457387590774362
0.578,251.13783300793543,1.4841707518082625
0.579,251.23461809428738,1.4358558244663453
0.58,248.0429968979065,1.347051499175076
0.581,233.97198190903242,1.1832194411233647
0.582,219.59182462733506,1.3982410234586464
0.583,210.1696253459046,1.5728154605609979
0.584,209.08822380362594,1.5853774713519082
0.585,213.01567166890533,3.5870777265833698
0.586,218.30009413976535,3.4688799075195904
0.587,225.2687945069012,1.544924444664207
0.588,235.24017643691067,1.4425789126603883
0.589,246.27683318340272,1.5038651826952896
0.59,247.97252462783015,1.332386922266928
0.591,238.54726698959774,1.523841744415934
0.592,229.24240859366049,2.0281768053990104
0.593,229.5679737497154,1.5301115376607708
0.594,236.32581359084432,1.4384140673319767
0.595,236.48538270372924,1.5275660889542926
0.596,225.9294715150997,1.7503367108057541
0.597,216.61018252898214,1.6556967038586874
0.598,217.1329396787508,1.5732326411367026
0.599,223.6382333850055,1.6870766163494033
0.6,229.36016445251786,1.897573676931856
0.601,232.26665762523209,2.1046338733226295
0.602,235.359016413515,2.353832917360972
0.603,238.05035177942338,2.0295844607649522
0.604,239.70028620949705,1.9103144754813928
0.605,243.03717320406997,2.1116229047707042
0.606,246.4391185328096,2.3068663226786996
0.607,250.15607405661675,2.402371688265064
0.608,254.4828895466399,1.9788800342859434
0.609,257.82898163635576,2.251832522292975
0.61,258.4247538153451,2.1366960841370117
0.611,258.3600072690261,1.816655084223219
0.612,258.56933870962035,1.7564313481401619
0.613,257.73863919884275,2.0853743915077514
0.614,256.03864028078294,1.6776685575361192
0.615,253.51507872019624,1.9000591013202475
0.616,252.77104572043362,1.6382241109313491
0.617,252.7294044501691,2.0057309362776277
0.618,251.54595555307347,2.13856192155876
0.619,248.6309250026577,1.898680995138691
0.62,246.3313377551711,1.928951720792926
0.621,244.73793582726088,2.169375661321585
0.622,242.85762052547443,2.044630581782155
0.623,240.77558592807398,1.6898864221151015
0.624,239.26120721105744,2.2759345343296538
0.625,236.74203515454022,1.772280926952974
0.626,229.16420816013462,1.5375486388105517
0.627,216.34419758917764,1.662118749538715
0.628,205.1611316300478,1.7223028717568565
0.629,201.048990046817,1.8389729498378877
0.63,202.33195121128534,1.4142302899870307
0.631,201.55890907239058,2.408469892644004
0.632,198.6714441537516,2.0217516655764736
0.633,195.19810449362876,2.6173805034727895
0.634,193.9509855522982,2.1809250285843578
0.635,194.917341310671,1.624456870919976
0.636,194.7417632089866,2.1641288652167994
0.637,194.69521795637544,2.0151412936891133
0.638,193.83071440071856,2.3281754052137926
0.639,190.54352630578796,2.4886216443254163
0.64,189.54268468222583,1.7767179819974313
0.641,190.36853891037276,2.253473147932932
0.642,190.98032761557414,1.9597570923463767
0.643,192.44607493244024,1.8823402172024593
0.644,194.75737742960456,2.2251873575330463
0.645,195.24448055206923,1.7341636131436469
0.646,192.58079038619803,2.1494782069115685
0.647,191.2365050711941,1.8884960391931285
0.648,193.00515436646833,2.2763753110217837
0.649,194.59345337893706,1.4454742709617083
0.65,192.82236147601142,1.871820558578939
0.651,191.4375299855321,1.5186519306352457
0.652,188.16095475991364,1.5803546695044832
0.653,188.2463647771859,1.8104406248801546
0.654,192.96516046662683,1.7018971440277533
0.655,198.0064579565972,1.9404887811041962
0.656,199.8450159824028,1.5023442049759534
0.657,195.0075952522764,1.6870537610793255
0.658,188.57716361988693,1.5661519153157488
0.659,185.4056467620676,1.340138298920723
0.66,187.56938097728363,1.6814297349332223
0.661,191.31192972299922,1.375187183370208
0.662,191.77961662784378,1.6967176810580133
0.663,191.80281792382436,1.4844313195465182
0.664,191.04678830590825,1.4229213156563123
0.665,184.75040328460574,1.6445818042082847
0.666,178.6388368116239,1.6556914415450845
0.667,174.51999837491616,1.7044976948947084
0.668,175.61752216032343,1.8641185572258154
0.669,181.1258093605052,1.507065618946786
0.67,188.77001501496284,1.419353377996018
0.671,194.5897001954378,1.4976957027292948
0.672,195.96858990348184,1.469154484416253
0.673,197.6076238408307,1.6622341709737902
0.674,202.99334964917503,1.5065612998073412
0.675,211.3792795075342,1.406388247911049
0.676,219.49993505993717,1.8099986007506992
0.677,220.33098849491958,1.4574594242196304
0.678,217.8449748381995,1.4885513349386306
0.679,223.79150638419983,1.6183422499091686
0.68,232.33215973628268,1.2818780754719252
0.681,230.25792664803603,1.4593959907647416
0.682,223.90415137751285,1.4466918666373292
0.683,220.09471299146233,1.5619632137920525
0.684,222.71640464592744,1.3841439855115933
0.685,223.29550258101602,1.4565510025821087
0.686,221.05454903525276,1.4009380316528641
0.687,222.4497439794756,1.3837189351709758
0.6880000000000001,225.85383171345765,1.3250148404153212
0.6890000000000001,229.16654777077352,1.4463639319621269
0.6900000000000001,233.0075735768155,1.2433904424061912
0.6910000000000001,237.45307767356195,1.3035141384099562
0.6920000000000001,240.65872360920514,1.4925250658967266
0.6930000000000001,240.38354611621284,1.45410775148128
0.6940000000000001,239.69887895073538,1.325553059580029
0.6950000000000001,239.32783457859043,1.105938947853748
0.6960000000000001,237.98041134405045,1.2130879521131133
0.6970000000000001,238.63009146288064,1.155680891752863
0.6980000000000001,240.51499566916578,1.2652137983072034
0.6990000000000001,240.4250392328687,1.1774977729755047
0.7000000000000001,238.3190624287892,1.0574028994863311
0.7010000000000001,235.5363149676171,1.204772102498474
0.7020000000000001,232.00339625903547,1.1435100820503408
0.7030000000000001,231.39560940311543,1.2690561079210616
0.704,232.7578743525216,1.2292693757344144
0.705,234.28212014662714,1.2243072830082071
0.706,236.59974453401153,1.3817067205118754
0.707,236.82089512106384,1.3344855763756214
0.708,234.60074729234478,1.384796455783729
0.709,233.2806535413121,1.4163615223896062
0.71,229.72638524241086,1.4255382095450282
0.711,225.7426701213733,1.3106296374232334
0.712,224.32927886781013,1.498447196900288
0.713,224.08781447559107,1.768174980748727
0.714,226.32697346801106,1.6272407256426835
0.715,225.98661970750481,1.4901959324661969
0.716,219.8651523846091,1.446492928707019
0.717,203.95607053260795,1.6582515029147102
0.718,192.30150214479502,1.6573261256509448
0.719,196.30741871093448,1.5889190670362903
0.72,209.7269314096423,1.450940485710198
0.721,218.27216460733396,1.561430582409008
0.722,217.91412842871966,1.684785253543698
0.723,213.62355133036422,1.5246393541181649
0.724,212.74242873614844,1.5644732598371895
0.725,211.2735316944479,1.4369624808294457
0.726,211.20260274195692,1.5632455036132944
0.727,210.90594110852683,2.005589392043272
0.728,210.38569464529948,1.8985164008698228
0.729,210.64460249447367,1.4286460612836238
0.73,210.79678928755592,1.4955415600326167
0.731,210.820299407825,1.351363973490431
0.732,211.45274603555205,1.4270206213394374
0.733,209.25216477025168,1.5038933866055868
0.734,211.0505297784924,1.4779315871747682
0.735,215.68940405700133,1.3755022846721252
0.736,216.6130675049179,1.5018901708997734
0.737,210.52526778541224,1.8163838350657968
0.738,199.74156938463977,1.826821039742134
0.739,188.40335373092773,1.475098979003586
0.74,184.0269197831257,1.8598748964370566
0.741,185.09419615422303,1.9587817885560357
0.742,187.74041449910803,1.6895951706985348
0.743,188.02488995762093,1.6003365462026629
0.744,188.1661595451871,1.5467264188472023
0.745,188.3548939906618,1.9541942264447945
0.746,188.50987011457585,1.7786452380909943
0.747,188.76454981696133,1.4485127572650502
0.748,187.70942874889258,1.352054588556636
0.749,188.3716215885828,1.6581575318571302
0.75,190.05705825027732,1.7329730191296306
0.751,191.9392563386424,1.5542191308829822
0.752,194.2855549638037,1.8193123948446461
0.753,196.62607648079117,1.7306372504795824
0.754,199.41683079928234,1.6173252905706934
0.755,200.9395751722013,1.9053967143268107
0.756,204.47211750931413,1.8444526716431966
0.757,209.93415190003364,1.7305515844865875
0.758,215.53710496195214,1.9713512788902887
0.759,222.06278452990517,1.6691688215487985
0.76,224.83234478239496,1.2894117789639294
0.761,222.27640856423997,1.5700336234278234
0.762,216.32693422944766,1.4077090892414168
0.763,215.22729085354322,1.8213012646602287
0.764,219.87450636242193,1.6648855881898845
0.765,224.41222736044102,1.58837545285635
0.766,230.2304551667925,1.5592880510366496
0.767,229.70607245215308,1.6215539948454594
0.768,224.4723379760818,1.4900541876491982
0.769,222.62073746137176,1.5340503941811094
0.77,226.2532758756987,1.7073660813296379
0.771,231.02648511284295,1.628421890628647
0.772,238.3687636879902,1.3201701123372251
0.773,243.71055959806571,1.314127290496568
0.774,239.69514764848412,1.4999000853433184
0.775,239.37825207160893,1.863118868183068
0.776,243.71324163630922,1.5485679819479612
0.777,248.21010060761887,1.581648047520213
0.778,251.02465340652967,1.6789060423944033
0.779,254.27479534363997,1.4276139665103336
0.78,254.39856848888522,1.7237961319926272
0.781,253.91168862417214,1.5585300602164653
0.782,254.41484463661538,1.3827804490846745
0.783,256.12131110806166,1.3879712443946108
0.784,257.4376593830838,2.23604611176845
0.785,257.53740230816544,1.524172428275889
0.786,261.5028242756769,1.5614710468811914
0.787,267.0227632628563,1.7027298589313065
0.788,264.2230037408467,1.4238010870746962
0.789,249.65945923336204,1.711034566391269
0.79,234.72822555080694,1.6821947109951052
0.791,227.79220016748707,1.5642176620316708
0.792,222.09505318472952,2.303443124922067
0.793,216.34810486841548,2.046639494103828
0.794,214.56392059972137,1.7971736802984064
0.795,210.04956643010237,1.9819124398242605
0.796,203.40107652525595,2.0892203784233807
0.797,198.91836284634093,1.8657885515321093
0.798,198.63757372910314,2.373400472041414
0.799,200.06338099064965,2.914843482655698
0.8,199.68915025364373,3.890723595693552
0.8500000000000001,238.14152871125322,25.555244603019197
0.9000000000000001,247.57366014189105,28.50868809362387
0.9500000000000002,257.1869509219701,26.803838594168404
1.0000000000000002,266.23078234551883,26.337866897367515
1.0500000000000003,269.957410821323,25.529655915068897
1.1000000000000003,273.1883223223698,25.15920880873528
1.1500000000000004,273.0299272802688,25.1768986224586
1.2000000000000004,274.37304510774084,25.23714418906241
1.2500000000000004,271.2040385037677,25.051338523892277
1.3000000000000005,269.8324382555033,25.066761705242556
1.3500000000000005,264.9385852465191,24.766046788382646
1.4000000000000006,261.3523186878788,25.80054532753392
1.4500000000000006,258.48415606321004,27.046879575899787
1.5000000000000007,256.32411312698747,23.132752524379395
1.5500000000000007,254.37726572343848,25.626196797639604
1.6000000000000008,251.81570711688443,26.8029865310477
1.6500000000000008,256.8507244734269,27.127310673898165
1.7000000000000008,254.49544983968568,27.258498079355636
1.7500000000000009,259.3699374303165,26.67733741166291
1.800000000000001,264.8444481166531,26.464343770440216
1.850000000000001,276.6704463019803,29.12466070345397
1.900000000000001,280.43175528611675,30.993720509726412
1.950000000000001,290.905651279422,29.143523564180867
2.000000000000001,299.15311861596564,30.62036667147754
2.050000000000001,309.39977512152893,31.273658857385573
2.1000000000000014,317.2705954890372,28.95726765472563
2.1500000000000012,327.0787897019589,30.553584381457135
2.200000000000001,333.54974563390556,30.203027459576433
2.2500000000000013,338.0722637801346,28.02479480355453
2.3000000000000016,344.6669530440732,27.157774803874865
2.3500000000000014,344.139894942636,26.031672128896925
2.4000000000000012,341.15618308384194,29.725822488833813
2.4500000000000015,337.2456114645103,27.041198394869376
2.5000000000000018,332.15122500145924,26.589521511388
2.5500000000000016,325.62113217261646,25.94869382642664
2.6000000000000014,319.87319441961466,26.751083706970295
2.6500000000000017,317.860047108756,26.558008816889217
2.700000000000002,316.68314266844516,26.92774869049876
2.7500000000000018,319.04739698440846,26.12915154983625
2.8000000000000016,327.2591726196164,27.02463413588686
2.850000000000002,333.11553094163384,26.013171264959105
2.9000000000000017,339.4309382862047,24.848084582790477
2.950000000000002,347.2643898674925,25.899252398802812
3.000000000000002,357.34059682402756,26.472036584199756
3.050000000000002,366.44738325232527,25.13995300810568
3.100000000000002,376.9162962336339,27.26556332231928
3.150000000000002,384.9500670620107,25.296500551026757
3.2000000000000024,395.65728945702597,25.91082218304262
3.250000000000002,400.71573740044545,25.568119280695498
3.300000000000002,401.77571372801975,25.976745930786286
3.3500000000000023,404.944355793933,25.875928539672323
3.4000000000000026,401.97824783748814,28.10343198753136
3.4500000000000024,400.08172419852247,29.881840440738088
3.500000000000002,395.12773876477485,31.129599788399982
3.5500000000000025,395.2458553566149,32.468832102480945
3.6000000000000028,389.89968062163626,32.48606328800788
3.6500000000000026,388.21190817329136,35.11205251208978
3.7000000000000024,386.2771815105627,34.15667502698619
3.7500000000000027,381.21758082994523,36.67670534504256
3.800000000000003,378.43455597155275,36.728259888085674
3.8500000000000028,378.6582207557367,35.28420432303863
3.9000000000000026,377.46956243288986,38.428453135401895
3.950000000000003,376.47612632092853,38.82548823883752
4.0000000000000036,372.264153203696,36.648339454882624
4.0500000000000025,368.77429238916875,37.94659187424868
4.100000000000003,368.36990679022887,37.89583941409491
4.150000000000003,363.922077284592,40.0238485211512
4.200000000000003,363.15789140856083,38.486616051223216
4.2500000000000036,359.4023357056755,37.486151199440435
4.3000000000000025,357.0439917948247,37.877537152863866
4.350000000000003,355.3612513726033,35.73887620740283
4.400000000000004,354.9626620279629,36.052802295958706
4.450000000000003,358.7180071598478,38.69441638183064
4.5000000000000036,355.72781476518327,36.87488678987552
4.550000000000003,362.132009569018,36.54044775587756
4.600000000000003,361.34162511927343,36.2741102323942
4.650000000000004,367.70361118759405,38.307153144230874
4.700000000000003,370.95498184185897,37.27465723086703
4.7500000000000036,379.8135385567791,38.59143388957131
4.800000000000004,381.04485761066286,39.95549472725051
4.850000000000003,385.2610441104449,38.69432697829655
4.900000000000004,388.9693691029377,40.70352237916365
4.950000000000003,389.9959288552291,40.39157315475151
5.0000000000000036,392.40280501085164,38.93670539458335
5.1,392.553921786813,38.41475167030826
5.199999999999999,390.78207501469103,39.094135124867314
5.299999999999999,384.19940721476473,38.9920992931884
5.399999999999999,379.39771816077115,38.31075462432885
5.499999999999998,373.8688397139578,35.14980098587579
5.599999999999998,366.1269839063402,38.056784313318154
5.6999999999999975,359.1917282642589,35.8375458763926
5.799999999999997,354.1863394696586,33.63716381533594
5.899999999999997,353.9912221253617,36.15681763636756
5.9999999999999964,354.65448611296694,41.12976159659459
6.099999999999996,352.1031462864775,39.939468413881016
6.199999999999996,352.1973884442005,43.420232390498676
6.299999999999995,351.75883047050513,40.11695403887409
6.399999999999995,350.47079321597994,39.25048281386809
6.499999999999995,353.41141584260487,36.6581220319425
6.599999999999994,356.5842702834955,37.054242984099524
6.699999999999994,361.0715742333556,36.21230235566366
6.799999999999994,371.37818393424965,36.96169077286735
6.899999999999993,380.88342364533247,38.55077883274317
6.999999999999993,383.97878407029884,39.58076657725238
7.0999999999999925,383.99274216778304,36.347633565278215
7.199999999999992,380.1823648342342,38.98491552604226
7.299999999999992,380.05774201646943,39.058341359729496
7.3999999999999915,383.4503564945392,41.6140800603977
7.499999999999991,379.9566904923102,43.51539702464088
7.599999999999991,385.4804780284342,45.13942662827846
7.69999999999999,390.61033021910254,47.99168420188606
7.79999999999999,386.99265250028174,49.96714164423724
7.89999999999999,395.8911498535693,45.2150114174119
7.999999999999989,398.56862363096184,47.726404172916936
8.099999999999989,410.0500831166568,45.87939399139167
8.199999999999989,418.03216106163615,44.03126558264739
8.299999999999988,424.45711005293947,42.29626801883609
8.399999999999988,435.4607076795598,41.39328447817279
8.499999999999988,450.39033379705285,39.38178555743993
8.599999999999987,457.4180831947374,39.901841802559446
8.699999999999987,463.08716225191233,42.16342867464024
8.799999999999986,462.6476011896552,46.16620834507165
8.899999999999986,467.5173910086051,46.01002899858247
8.999999999999986,458.05082771492357,49.36236771503059
9.099999999999985,460.55584145055525,47.17467917173197
9.199999999999985,455.9914967639158,48.92464439142029
9.299999999999985,449.4746509857417,45.47644053396303
9.399999999999984,433.4059270331146,44.099614674911706
9.499999999999984,423.9401980108611,48.036252596214275
9.599999999999984,408.03054495742754,45.372354656066314
9.699999999999983,394.72596587863046,46.014575788970554
9.799999999999983,393.3312124426627,45.499081430885006
9.899999999999983,383.59716267531843,46.06922696735213
9.999999999999982,378.6073541589614,48.910835297959316
10.099999999999982,381.415285203495,50.50131867440433
10.199999999999982,390.9906232251822,53.19017285869793
10.299999999999981,397.7866839126382,52.567111928434414
10.39999999999998,409.50939555190666,54.44788449804688
10.49999999999998,414.18561192937614,53.079642376588964
10.59999999999998,421.49886142909014,51.85363574963915
10.69999999999998,428.7901912167241,54.361806696145734
10.79999999999998,432.01417609496986,58.06606021631364
10.899999999999979,440.3095242342443,57.26195621523366
10.999999999999979,445.73289569272634,58.1409549313161
11.099999999999978,448.8556103873028,57.20244648294009
11.199999999999978,462.133171241231,57.0013076481791
11.299999999999978,459.19297211312585,54.534253849181205
11.399999999999977,459.5053852022749,54.18356663130356
11.499999999999977,460.67859817849666,44.05656147964173
11.599999999999977,468.24403577594455,46.526657653872505
11.699999999999976,465.2461504128228,43.48811741226114
11.799999999999976,468.65799750037837,43.50246297534394
11.899999999999975,461.9849768825475,40.496683889002114
11.999999999999975,454.90259147148055,42.33153148981944
12.099999999999975,454.72575995346693,39.97132583085318
12.199999999999974,445.0793291734904,40.9917292012897
12.299999999999974,440.62311509368357,38.51450849165414
12.399999999999974,446.10512494414917,41.65738212579646
12.499999999999973,452.6732923492328,41.066067106247374
12.599999999999973,459.1356636184163,41.94200020376207
12.699999999999973,470.59700315390074,42.24716213119693
12.799999999999972,489.6823466111841,41.16032100278913
12.899999999999972,497.9413015738388,41.43025708183556
12.999999999999972,509.4571217710365,44.3767233358393
13.099999999999971,521.5839737327448,41.56428700626341
13.19999999999997,526.9932918994723,44.16742403856373
13.29999999999997,530.8811533139268,40.28282784940214
13.39999999999997,534.8225147143065,39.83955054034046
13.49999999999997,540.1581977480721,36.34379496841745
13.59999999999997,543.2516726015161,33.52842110249162
13.699999999999969,542.5063537570821,34.018733288706954
13.799999999999969,543.3395784421156,33.17573726822221
13.899999999999968,540.1800340729668,37.69515517792752
13.999999999999968,545.102164375341,40.984176600134745
14.099999999999968,553.5245180213102,43.138060115137684
14.199999999999967,562.266920160768,46.96335245947603
14.299999999999967,575.0820583161474,46.16018559483128
14.399999999999967,586.241939903274,48.83272032672792
14.499999999999966,602.7049540128017,48.227051576767686
14.599999999999966,611.7012030199503,48.78630817420285
14.699999999999966,627.8571125250703,48.113158669495334
14.799999999999965,640.7229722890207,47.41812859557438
14.899999999999965,650.8524502884513,46.36513138855694
14.999999999999964,656.473817502696,43.75484347038078
15.099999999999964,664.096125670685,43.04834479836261
15.199999999999964,662.6138351743463,46.72391002581802
15.299999999999963,671.2049945635844,42.933649582940255
15.399999999999963,684.649538082932,39.26178279691801
15.499999999999963,695.473753989705,36.49621573031358
15.599999999999962,703.2719244941799,33.99801422872945
15.699999999999962,706.6109521903454,35.20093873607817
15.799999999999962,703.8922903324566,32.23583438534206
15.899999999999961,693.8582789913071,34.219368633699816
15.999999999999961,675.3367862981205,31.820351417172756
16.09999999999996,659.2089908268166,34.009409270942555
16.19999999999996,644.6594035963819,32.24746240295551
16.29999999999996,631.6492973714442,33.216642505234944
16.39999999999996,615.9574980536676,32.53379834365101
16.499999999999957,606.2562380281047,33.837095341412606
16.59999999999996,595.722654282132,34.21537085513785
16.69999999999996,589.0862140066832,33.932216780290446
16.799999999999958,578.7711171026284,33.96938177407698
16.899999999999956,566.7365102894597,34.62273283483556
16.999999999999957,556.6154066121547,36.61184959198829
17.09999999999996,554.0426472513074,40.099214752893275
17.199999999999957,557.3957984360395,44.13239159068492
17.299999999999955,562.0207019695565,43.97289282980565
17.399999999999956,566.8058418817094,47.647355912728266
17.499999999999957,572.4855625411051,51.78628329609304
17.599999999999955,572.8896265308543,49.618543984866
17.699999999999953,574.2069082207992,50.213719505738986
17.799999999999955,566.0803156128791,50.64705724013465
17.899999999999956,560.1984761509614,51.70236808082906
17.999999999999954,550.4671805231997,47.4175808516345
18.09999999999995,545.428539056749,47.397423209639825
18.199999999999953,538.2922447079904,43.875880504925185
18.299999999999955,540.7308133142913,46.640915598063515
18.399999999999952,533.9380663214781,49.945121036539234
18.49999999999995,538.8943201234331,49.33501956990935
18.59999999999995,537.4900530242742,50.414020407733574
18.699999999999953,543.1108674405659,50.838144332510296
18.79999999999995,544.6031191987976,53.714679479752476
18.89999999999995,545.7661585901402,54.70754400390394
18.99999999999995,546.4826846812555,53.747629731954994
19.09999999999995,540.403905205686,50.29663772883381
19.19999999999995,541.94778560595,49.57586953530857
19.299999999999947,527.3574628773545,53.12304472997081
19.39999999999995,525.0877237735217,49.91581183538244
19.49999999999995,516.6811474894689,54.15644839902238
19.599999999999948,511.079363701042,48.495557584726036
19.699999999999946,510.5189145860254,50.53280054334182
19.799999999999947,515.209314092536,50.26985338098899
19.89999999999995,514.6233592796871,50.65521140006988
19.999999999999947,516.4025591140687,45.976113769527
20.099999999999945,530.0722906665276,42.86708893844946
20.199999999999946,536.798491926951,49.232988422859975
20.299999999999947,555.2863072644435,50.29216215814401
20.399999999999945,559.3647632131178,53.99678720684465
20.499999999999943,577.656358258788,53.3601426685157
20.599999999999945,589.689953335185,56.10869880331472
20.699999999999946,594.1330461612642,63.08577565003712
20.799999999999944,598.0303546264024,57.783732530125064
20.89999999999994,598.1752999167139,57.28409954156873
20.999999999999943,596.37494814289,59.79947372136887
21.099999999999945,591.9458849424915,55.547551320584304
21.199999999999946,588.7319721417143,52.381393998665175
21.29999999999994,582.1814148303316,51.33939082125814
21.39999999999994,578.8353654343977,47.52033173825472
21.499999999999943,576.1621032976163,48.93533330231208
21.599999999999945,578.4745602599083,49.33937605727699
21.69999999999994,581.4688508347771,45.83412885234918
21.79999999999994,589.412187734944,47.077888026413895
21.89999999999994,590.4744838447634,42.95878337955186
21.999999999999943,600.1114182293608,44.19186908302737
22.099999999999937,605.4320807576589,44.54990724583034
22.19999999999994,611.1672280741926,43.48479687971391
22.29999999999994,612.575234976545,42.57985408789611
22.39999999999994,608.2135554393237,40.781287222974555
22.499999999999936,600.1642257731529,36.85301704699644
22.599999999999937,584.8753464469078,32.63293823386602
22.69999999999994,565.0432156599403,32.13245743849684
22.79999999999994,551.6542297030327,33.204299472428076
22.899999999999935,544.5297340754656,31.25604215586057
22.999999999999936,539.5612563158741,29.557596194104708
23.099999999999937,535.8956407916901,33.02496979026115
23.19999999999994,533.0035630713102,34.802687407023186
23.299999999999933,528.5838237957968,33.11658070524984
23.399999999999935,522.1428878837507,33.86340212565619
23.499999999999936,521.3246953786046,33.81879157379124
23.599999999999937,516.1121719096119,33.0697679368164
23.699999999999932,519.3770028595529,34.26863204125648
23.799999999999933,516.7963760638594,36.583738837584455
23.899999999999935,524.6593464727506,36.789902728476186
23.999999999999936,536.1237096987257,39.12143728238208
24.09999999999993,556.5198786109661,43.68805711965776
24.199999999999932,576.2733007937111,49.18831705103658
24.299999999999933,604.212165385684,50.17282100560817
24.399999999999935,626.4378897018577,57.14531057612667
24.49999999999993,649.8698592943507,62.49350906155554
24.59999999999993,666.7060394307856,60.586772417027625
24.699999999999932,684.0773955833837,68.46778095182451
24.799999999999933,697.8802608607558,63.69174249145868
24.899999999999928,706.4983400849987,66.77875416600605
24.99999999999993,713.6263677261708,71.87021073438143
25.09999999999993,720.037626241562,71.23029945433024
25.199999999999932,720.308053181356,71.74102944579873
25.299999999999926,727.7777172278766,71.87623568833138
25.399999999999928,719.80194120832,68.73544256837151
25.49999999999993,723.0972185929735,72.1954195847813
25.59999999999993,722.4187380746835,73.49995625466363
25.699999999999925,719.6300683417197,72.70799263713151
25.799999999999926,719.0882380159195,67.04667089143247
25.899999999999928,717.791497732479,66.45789444433495
25.99999999999993,713.9579637782524,73.94727346774492
26.099999999999923,715.2745300658216,66.77908227369359
26.199999999999925,712.2100461746685,67.33802527436421
26.299999999999926,710.4005133236366,72.0947605223394
26.399999999999928,703.8078382003508,68.51380910864034
26.499999999999922,710.0231965669717,71.40531803818963
26.599999999999923,709.184223259499,72.9837360486853
26.699999999999925,705.7936127599683,74.96371141384861
26.799999999999926,699.2633412674878,73.44854932912506
26.89999999999992,697.8959874716589,78.59344821153381
26.999999999999922,695.4272720120108,82.30670247054931
27.099999999999923,680.694955380506,82.98904128196115
27.199999999999925,691.6329196093376,82.02939462056156
27.29999999999992,687.7241800471915,82.8933779845459
27.39999999999992,676.6008687084316,84.87733178770543
27.499999999999922,678.2303102824122,79.01445471279739
27.599999999999923,682.7338658476126,79.55441676136313
27.699999999999918,683.6524169178138,74.96798020030859
27.79999999999992,674.8111133846313,75.82760328149654
27.89999999999992,681.9298267555081,72.47672816126455
27.999999999999922,679.0211222474,69.87665089529126
28.099999999999916,685.4810225160627,66.75994449779925
28.199999999999918,695.3009924642702,61.404498560112216
28.29999999999992,701.3610900051542,61.44216501587184
28.39999999999992,710.6266361449511,66.17846455514523
28.499999999999915,721.1096307147751,62.97378681329071
28.599999999999916,724.711266689974,69.3783986880768
28.699999999999918,728.4217968918507,75.80046083037767
28.79999999999992,749.3499138604458,78.5451190654228
28.899999999999913,746.0853194511428,86.34307080916058
28.999999999999915,749.6486195375406,86.4956940372618
29.099999999999916,749.0744736256736,89.85131489261987
29.199999999999918,753.898040895933,94.8975518460815
29.299999999999912,756.0661005200964,91.01443502788072
29.399999999999913,767.7834164117107,96.04868808885517
29.499999999999915,775.5094689566338,98.42213105196325
29.599999999999916,775.9772907563773,91.10733174988991
29.69999999999991,781.6777438882007,88.16171325810119
29.799999999999912,782.3791003387041,83.36399945688179
29.899999999999913,789.9804974701608,80.30853355151328
29.999999999999915,795.9063451918238,74.2016325853452
30.2,807.998929446354,67.4851088358204
30.4,824.2893686867833,64.84631192453993
30.599999999999998,844.4624058696436,64.47372921485967
30.799999999999997,854.3580694147305,65.28062436159367
30.999999999999996,867.7920705135898,73.73947524492931
31.199999999999996,859.1919217154766,79.59311857516465
31.399999999999995,851.6092604151465,80.7216518876394
31.599999999999994,841.6715845731794,84.48409207667976
31.799999999999994,843.474655536623,85.77235539498372
31.999999999999993,841.1628312789102,81.22721473231255
32.19999999999999,823.7413990957476,71.73809354738506
32.39999999999999,813.2512641432987,60.00014468488464
32.599999999999994,794.2723121317747,50.840269674751596
32.79999999999999,772.6168252127081,49.60613190598314
32.999999999999986,764.490924728589,46.684874002593666
33.19999999999999,762.1144471957044,39.67326376206088
33.39999999999999,776.3102329086229,42.85846630353116
33.59999999999999,792.3256140973039,44.31128559512074
33.79999999999998,817.5518360612645,45.46947236448487
33.999999999999986,849.1446659089254,50.5734123142121
34.19999999999999,877.5379640351927,49.473686450891535
34.399999999999984,895.9667142760912,51.3773442971411
34.59999999999998,912.6514688639431,58.631831032177544
34.79999999999998,927.404558479093,59.82843435514048
34.999999999999986,936.4869135010412,57.910989810834224
35.19999999999998,936.3122049049595,61.00080747905355
35.39999999999998,927.7246340090815,56.68765735063893
35.59999999999998,905.4952439942739,51.035046104290096
35.79999999999998,880.2477003179234,52.12694709900204
35.99999999999998,863.393519925173,50.10130568547254
36.199999999999974,868.1043227866256,52.01951166172271
36.39999999999998,877.8159729677021,54.52265816821246
36.59999999999998,892.4195276771972,56.667781413754184
36.799999999999976,904.5720251455608,60.59323690864215
36.99999999999997,915.8100901222454,58.24268811021454
37.199999999999974,933.8794905425965,66.03475056238591
37.39999999999998,943.9105326844865,72.10546361885501
37.59999999999997,954.6334919659179,73.53028264798047
37.79999999999997,977.5605931094636,78.41570252211737
37.99999999999997,987.1056054934644,75.02251091351425
38.199999999999974,1001.6779569346547,78.61899033466479
38.39999999999997,1008.816932649745,67.95046797604347
38.599999999999966,1013.4180739483355,68.34069525873811
38.79999999999997,1010.9814727492856,66.24610837578628
38.99999999999997,1002.3582911552821,60.7142560250452
39.19999999999997,997.9092722515715,61.63755179567684
39.39999999999996,993.9235555415918,54.65799580773948
39.599999999999966,1005.3471056504562,56.26284368521532
39.79999999999997,1011.0957783068251,50.1039224269551
39.999999999999964,1020.0579064269215,45.080561830224106
40.19999999999996,1018.1963194149062,41.136908581518114
40.39999999999996,1002.9549320111292,43.48553570193139
40.599999999999966,990.6836918380665,45.47947735424719
40.79999999999996,983.4698887741561,48.606387441841086
40.99999999999996,972.5625359476176,51.835069678338876
41.19999999999996,967.8264399207295,57.66837839251751
41.39999999999996,966.4016956926471,62.747991893545766
41.59999999999996,966.0348535740184,60.985919790907445
41.799999999999955,968.4901701603395,69.20314816754062
41.99999999999996,964.1168255960246,75.18986604589904
42.19999999999996,973.4096553087375,69.1163620674707
42.399999999999956,968.409488537198,67.86999237194985
42.59999999999995,959.670917360806,61.89750426507641
42.799999999999955,960.711709369189,56.230461127550356
42.99999999999996,960.696807308886,55.28325740468201
43.19999999999995,981.4892901153117,58.55391896692999
43.39999999999995,1002.0342378679718,63.73241991850039
43.59999999999995,1017.9407967279982,70.54721024927547
43.799999999999955,1033.6770536967638,78.20344737182951
43.99999999999995,1047.0728961558652,73.78973912955573
44.199999999999946,1054.2581431440328,68.4486986110288
44.39999999999995,1064.536197342484,63.88782023726655
44.59999999999995,1068.6568631916382,64.82395869383106
44.79999999999995,1071.2369536411238,57.06591539754056
44.99999999999994,1071.0811189187998,56.94278611920537
45.199999999999946,1072.826252732694,59.62644901700459
45.39999999999995,1072.120618035201,61.74081548575386
45.599999999999945,1071.9518121228682,66.34648711710882
45.79999999999994,1079.662543719004,73.32636641561065
45.99999999999994,1095.2338010928568,77.95228083699031
46.199999999999946,1115.8183262217408,76.79056883016472
46.39999999999994,1138.677544165823,76.96965156260165
46.59999999999994,1165.96318401823,80.9316760579471
46.79999999999994,1187.8289828547227,76.22674613773631
46.99999999999994,1223.4016732670736,77.76669146675533
47.19999999999994,1246.6855310123774,68.6541257688006
47.399999999999935,1255.8411980547276,71.32862866509566
47.59999999999994,1253.6142156753026,62.53409033498676
47.79999999999994,1242.1379205853057,59.04051396022947
47.999999999999936,1228.7459250946456,56.47230276610825
48.19999999999993,1229.6646685054088,69.52125892409188
48.399999999999935,1220.6360861890644,79.38985391162346
48.59999999999994,1227.350730044672,77.10629109410557
48.79999999999993,1230.1149049164794,94.27522911090256
48.99999999999993,1240.6085220929667,88.93865051747674
49.19999999999993,1254.4112240970937,92.70682192418204
49.399999999999935,1266.9260269427734,86.73366914130143
49.59999999999993,1278.559543618024,80.50149554399884
49.799999999999926,1296.9725459089784,80.34662129568765
49.99999999999993,1318.1157031320201,72.39467916352564
50.19999999999993,1336.940146973453,71.69864570269009
50.39999999999993,1367.569495329226,69.4398392576607
50.59999999999992,1390.6585449716083,66.0134880921351
50.799999999999926,1421.7170486578616,64.36069160955445
50.99999999999993,1464.9850783827715,61.09478074919403
51.199999999999925,1505.4342912612517,61.50436958433073
51.39999999999992,1523.5783575677071,62.560334386567106
51.59999999999992,1522.0269254828286,65.57618475738425
51.799999999999926,1477.8598180652675,62.16321330052191
51.99999999999992,1420.0349980200667,65.84689549286168
52.19999999999992,1363.3749444279986,71.89826209441202
52.39999999999992,1316.2616883800727,74.72578992462468
52.59999999999992,1255.060530273396,78.40908106301003
52.79999999999992,1196.206849236969,70.9516302576369
52.999999999999915,1138.6620811973557,74.13540441663271
53.19999999999992,1085.4525037551139,65.94630581357217
53.39999999999992,1031.9152937554313,67.94748589128858
53.599999999999916,988.3317023813898,59.91908183211119
53.79999999999991,965.3111106035736,55.78367222043544
53.999999999999915,941.4153517434879,43.4248375764256
54.19999999999992,942.1822837464313,43.304875652646516
54.39999999999991,944.6658471212314,46.71006401164302
54.59999999999991,955.6626265389822,52.68418654204059
54.79999999999991,969.6379969929907,59.81876055230294
54.999999999999915,992.8185518721036,59.1186044921315
55.19999999999991,1011.9514998214996,54.53356126590276
55.399999999999906,1038.204752907495,47.97947244218456
55.59999999999991,1049.0197437002696,39.963040890829355
55.79999999999991,1049.8194214202274,36.037991203623285
55.99999999999991,1021.0693233330712,33.347029910089766
56.1999999999999,973.2629816588488,36.53920779310433
56.399999999999906,950.7199320395863,37.70261632797979
56.59999999999991,948.8468505927697,40.67990430146124
56.799999999999905,966.4969991230931,49.05229889259111
56.9999999999999,994.565791790445,58.93275579972937
57.1999999999999,1021.9145213494187,69.40600283247235
57.399999999999906,1050.170497185964,80.07037876641398
57.5999999999999,1077.4731368824068,88.02094699900783
57.7999999999999,1087.0039468913826,88.72726070591538
57.9999999999999,1105.1009779446533,93.3612485158813
58.1999999999999,1126.8298767586746,100.17163579679094
58.3999999999999,1125.6833543363703,112.77168515038866
58.599999999999895,1145.5903037826536,106.37954232707523
58.7999999999999,1142.2463590582424,115.98985502576257
58.9999999999999,1156.0865446258044,108.49359792501232
59.199999999999896,1161.7528619537554,113.84916459728244
59.39999999999989,1169.173934449325,99.43281195713648
59.599999999999895,1156.3820120965383,90.32037686420068
59.7999999999999,1153.5232667648438,86.96077098803235
59.99999999999989,1136.3491293881737,83.41397672317744
60.19999999999989,1105.1607739055892,75.9056782350074
60.39999999999989,1093.240454386062,75.65064985985805
60.599999999999895,1062.1642284340794,71.7677780226711
60.79999999999989,1042.1811310612775,60.23620607505409
60.999999999999886,1022.2896503672868,54.942389265163385
61.19999999999989,1013.4797049800679,56.76882877804088
61.39999999999989,1020.015350785542,76.09399264073501
61.59999999999989,1034.7337845524462,80.63736468256674
61.79999999999988,1045.5556644435462,99.30698379406779
61.999999999999886,1045.3903273617318,112.69830128948142
62.19999999999989,1056.5579983693833,117.6259920245137
62.39999999999989,1066.1882334635814,123.26049172507373
62.59999999999988,1070.4239193022897,121.17227610513528
62.79999999999988,1080.3655650509463,115.55292477527271
62.999999999999886,1075.8334841792712,105.2514177057072
63.19999999999989,1073.9214963693164,95.18080207213191
63.39999999999988,1075.4134038123796,83.93230669510916
63.59999999999988,1073.1930016039066,76.34210184944375
63.79999999999988,1068.306433252016,64.18706756753181
63.999999999999886,1067.473921417119,56.36265471322881
64.19999999999987,1069.6931768932825,59.62697785567405
64.39999999999988,1069.8822882318236,62.066644399042424
64.59999999999988,1080.6979529899047,72.65941153432036
64.79999999999988,1080.3239930875304,63.67950613459227
64.99999999999987,1075.8583206544633,65.02420265110491
65.19999999999987,1055.799479093439,57.85743002844233
65.39999999999988,1027.7419529154872,58.06332745212257
65.59999999999988,990.2690315089553,49.65831636880834
65.79999999999987,955.3841005605129,49.88260402021045
65.99999999999987,945.7274125157019,45.39315280435125
