time_ma,co2_ppm
0,285.157
0.001,284.083
0.002,281.583
0.003,279.853
0.004,277.601
0.005,274.735
0.006,271.106
0.007,267.58
0.008,262.53
0.009,253.066
0.01,237.824
0.011,230.69
0.012,224.252
0.013,217.37
0.014,212.095
0.015,207.057
0.016,201.469
0.017,190.974
0.018,179.495
0.019,176.362
0.02,175.471
0.021,175.208
0.022,175.107
0.023,174.74
0.024,174.59
0.025,174.663
0.026,175.035
0.027,174.23
0.028,176.098
0.029,177.172
0.03,178.377
0.031,180.086
0.032,185.368
0.033,192.91
0.034,192.633
0.035,191.642
0.036,187.657
0.037,189.73
0.038,193.418
0.039,199.26
0.04,199.08
0.041,198.478
0.042,199.324
0.043,198.781
0.044,201.338
0.045,203.262
0.046,205.135
0.047,203.023
0.048,202.887
0.049,199.118
0.05,195.401
0.051,200.943
0.052,204.125
0.053,205.769
0.054,208.879
0.055,202.194
0.056,215.184
0.057,218.937
0.058,220.038
0.059,219.389
0.06,210.531
0.061,207.389
0.062,203.946
0.063,202.857
0.064,202.829
0.065,200.843
0.066,198.439
0.067,195.89
0.068,196.544
0.069,193.829
0.07,196.852
0.071,207.211
0.072,206.779
0.073,206.286
0.074,210.872
0.075,211.54
0.076,211.379
0.077,211.723
0.078,211.857
0.079,217.07
0.08,219.244
0.081,220.357
0.082,220.467
0.083,218.24
0.084,216.297
0.085,214.512
0.086,214.241
0.087,211.561
0.088,213.767
0.089,214.476
0.09,216.648
0.091,220.476
0.092,227.686
0.093,223.462
0.094,225.806
0.095,230.881
0.096,244.841
0.097,245.437
0.098,245.469
0.099,244.911
0.1,245.888
0.101,241.733
0.102,240.501
0.103,240.058
0.104,242.526
0.105,238.543
0.106,231.629
0.107,219.402
0.108,219.686
0.109,223.336
0.11,226.771
0.111,232.376
0.112,242.343
0.113,258.053
0.114,261.74
0.115,266.664
0.116,272.408
0.117,277.465
0.118,280.946
0.119,284.758
0.12,287.465
0.121,291.758
0.122,290.702
0.123,288.978
0.124,284.936
0.125,280.338
0.126,272.739
0.127,264.905
0.128,250.771
0.129,237.654
0.13,230.479
0.131,223.445
0.132,215.514
0.133,202.446
0.134,192.448
0.135,190.247
0.136,188.852
0.137,187.289
0.138,184.079
0.139,181.305
0.14,180.677
0.141,177.588
0.142,177.045
0.143,177.492
0.144,180.186
0.145,184.026
0.146,184.753
0.147,185.263
0.148,188.269
0.149,187.655
0.15,189.805
0.151,190.949
0.152,188.941
0.153,185.601
0.154,184.101
0.155,189.555
0.156,189.251
0.157,196.473
0.158,194.951
0.159,195.368
0.16,194.918
0.161,194.483
0.162,191.907
0.163,190.181
0.164,185.584
0.165,188.808
0.166,184.718
0.167,190.914
0.168,191.573
0.169,195.289
0.17,190.216
0.171,190.648
0.172,191.402
0.173,191.191
0.174,194.606
0.175,195.141
0.176,196.833
0.177,196.202
0.178,193.396
0.179,186.607
0.18,185.563
0.181,186.701
0.182,181.992
0.183,181.971
0.184,184.051
0.185,191.937
0.186,205.424
0.187,207.156
0.188,209.948
0.189,213.183
0.19,215.127
0.191,218.856
0.192,223.216
0.193,226.657
0.194,230.163
0.195,232.801
0.196,235.622
0.197,237.933
0.198,240.17
0.199,240.971
0.2,244.461
0.201,247.004
0.202,248.223
0.203,257.337
0.204,252.518
0.205,252.714
0.206,257.445
0.207,256.683
0.208,255.444
0.209,244.726
0.21,244.005
0.211,245.293
0.212,246.108
0.213,244.599
0.214,244.038
0.215,243.03
0.216,239.454
0.217,234.883
0.218,227.688
0.219,219.512
0.22,213.715
0.221,213.6
0.222,210.764
0.223,209.499
0.224,207.306
0.225,212.852
0.226,215.69
0.227,218.53
0.228,222.861
0.229,227.444
0.23,231.653
0.231,236.093
0.232,238.704
0.233,241.903
0.234,244.98
0.235,247.765
0.236,249.957
0.237,253.104
0.238,254.735
0.239,253.998
0.24,252.63
0.241,246.146
0.242,239.94
0.243,235.643
0.244,230.109
0.245,225.709
0.246,219.292
0.247,215.156
0.248,210.423
0.249,206.515
0.25,202.324
0.251,199.783
0.252,198.47
0.253,196.279
0.254,195.743
0.255,201.971
0.256,206.575
0.257,207.715
0.258,209.63
0.259,211.022
0.26,210.279
0.261,208.884
0.262,208.895
0.263,208.627
0.264,201.922
0.265,189.819
0.266,191.204
0.267,192.311
0.268,192.183
0.269,191.134
0.27,193.01
0.271,192.209
0.272,192.237
0.273,193.595
0.274,196.171
0.275,197.666
0.276,200.758
0.277,202.242
0.278,209.281
0.279,220.169
0.28,230.929
0.281,233.908
0.282,237.413
0.283,237.398
0.284,238.093
0.285,238.588
0.286,237.825
0.287,234.548
0.288,230.608
0.289,227.014
0.29,223.497
0.291,219.036
0.292,216.887
0.293,214.366
0.294,212.792
0.295,211.744
0.296,213.525
0.297,217.28
0.298,220.418
0.299,221.57
0.3,221.887
0.301,223.734
0.302,226.287
0.303,227.591
0.304,229.844
0.305,231.266
0.306,232.578
0.307,233.923
0.308,236.137
0.309,239.494
0.31,238.466
0.311,237.916
0.312,242.128
0.313,251.478
0.314,243.945
0.315,245.87
0.316,248.777
0.317,252.242
0.318,255.963
0.319,264.112
0.32,272.808
0.321,276.804
0.322,274.955
0.323,278.532
0.324,281.359
0.325,283.823
0.326,281.229
0.327,283.231
0.328,284.313
0.329,282.546
0.33,279.358
0.331,273.722
0.332,267.284
0.333,252.451
0.334,245.151
0.335,241.198
0.336,234.612
0.337,227.681
0.338,216.65
0.339,199.62
0.34,192.442
0.341,188.475
0.342,185.795
0.343,183.245
0.344,181.872
0.345,180.092
0.346,179.995
0.347,181.175
0.348,182.701
0.349,185.36
0.35,185.209
0.351,188.855
0.352,192.148
0.353,190.595
0.354,190.748
0.355,190.267
0.356,191.688
0.357,191.787
0.358,192.636
0.359,193.984
0.36,195.47
0.361,194.977
0.362,195.552
0.363,196.664
0.364,199.213
0.365,201.893
0.366,202.612
0.367,202.988
0.368,206.727
0.369,209.651
0.37,209.598
0.371,215.127
0.372,220.334
0.373,220.512
0.374,221.516
0.375,218.175
0.376,215.085
0.377,216.339
0.378,219.702
0.379,223.019
0.38,226.755
0.381,226.648
0.382,225.659
0.383,226.366
0.384,228.515
0.385,228.163
0.386,230.523
0.387,231.876
0.388,232.215
0.389,235.757
0.39,238.531
0.391,242.902
0.392,246.436
0.393,248.957
0.394,252.24
0.395,256.848
0.396,263.76
0.397,275.548
0.398,275.218
0.399,278.886
0.4,281.919
0.401,285.839
0.402,287.774
0.403,293.84
0.404,294.4
0.405,292.736
0.406,291.217
0.407,290.359
0.408,288.834
0.409,288.118
0.41,284.342
0.411,283.576
0.412,282.926
0.413,279.573
0.414,278.508
0.415,277.121
0.416,272.428
0.417,270.644
0.418,270.02
0.419,265.04
0.42,258.135
0.421,246.175
0.422,242.624
0.423,238.057
0.424,232.939
0.425,228.132
0.426,222.976
0.427,216.893
0.428,207.055
0.429,192.108
0.43,186.494
0.431,181.947
0.432,179.883
0.433,177.853
0.434,177.415
0.435,176.832
0.436,175.123
0.437,175.244
0.438,175.245
0.439,176.889
0.44,177.93
0.441,180.444
0.442,182.585
0.443,186.521
0.444,197.325
0.445,201.038
0.446,201.636
0.447,199.326
0.448,201.238
0.449,204.836
0.45,206.307
0.451,204.516
0.452,201.085
0.453,202.872
0.454,202.92
0.455,207.437
0.456,205.614
0.457,206.125
0.458,207.503
0.459,208.307
0.46,208.994
0.461,211.827
0.462,218.475
0.463,218.706
0.464,214.491
0.465,216.739
0.466,218.635
0.467,225.56
0.468,231.708
0.469,232.201
0.47,233.45
0.471,236.675
0.472,236.189
0.473,233.156
0.474,232.348
0.475,229.836
0.476,229.513
0.477,228.439
0.478,229.723
0.479,230.38
0.48,229.398
0.481,231.443
0.482,235.038
0.483,238.516
0.484,240.401
0.485,242.281
0.486,245.113
0.487,248.696
0.488,250.544
0.489,254.32
0.49,258.093
0.491,258.698
0.492,256.581
0.493,257.485
0.494,258.307
0.495,257.057
0.496,256.83
0.497,257.1
0.498,257.003
0.499,256.062
0.5,254.045
0.501,253.719
0.502,254.439
0.503,251.437
0.504,250.171
0.505,252.059
0.506,249.377
0.507,246.491
0.508,244.678
0.509,243.14
0.51,241.333
0.511,240.815
0.512,239.083
0.513,237.152
0.514,236.986
0.515,237.184
0.516,238.317
0.517,239.852
0.518,243.03
0.519,245.165
0.52,247.965
0.521,250.179
0.522,252.221
0.523,254.97
0.524,256.415
0.525,258.297
0.526,255.877
0.527,255.448
0.528,254.482
0.529,246.959
0.53,236.459
0.531,234.324
0.532,228.56
0.533,229.728
0.534,228.961
0.535,228.524
0.536,223.665
0.537,216.399
0.538,215.865
0.539,215.29
0.54,207.69
0.541,205.017
0.542,202.405
0.543,203.3
0.544,199.561
0.545,200.836
0.546,201.38
0.547,204.554
0.548,212.715
0.549,209.856
0.55,211.822
0.551,213.061
0.552,216.989
0.553,217.884
0.554,218.502
0.555,218.842
0.556,218.393
0.557,217.305
0.558,215.367
0.559,216.437
0.56,218.819
0.561,222.189
0.562,228.228
0.563,227
0.564,229.818
0.565,231.248
0.566,234.706
0.567,237.944
0.568,239.623
0.569,242.033
0.57,243.91
0.571,243.36
0.572,243.854
0.573,248.38
0.574,251.557
0.575,255.98
0.576,257.632
0.577,258.256
0.578,254.462
0.579,250.925
0.58,242.975
0.581,241.42
0.582,233.496
0.583,229.069
0.584,227.365
0.585,225.167
0.586,220.455
0.587,221.138
0.588,222.692
0.589,223.471
0.59,225.061
0.591,225.951
0.592,228.242
0.593,229.87
0.594,228.362
0.595,228.419
0.596,227.518
0.597,226.268
0.598,221.623
0.599,224.728
0.6,234.537
0.601,235.862
0.602,237.371
0.603,240.475
0.604,242.893
0.605,246.83
0.606,251.432
0.607,255.299
0.608,262.102
0.609,270.017
0.61,270.91
0.611,271.357
0.612,266.07
0.613,261.297
0.614,261.021
0.615,259.591
0.616,256.494
0.617,253.004
0.618,248.894
0.619,242.349
0.62,236.358
0.621,232.429
0.622,226.784
0.623,221.602
0.624,215.756
0.625,209.322
0.626,197.719
0.627,192.85
0.628,188.824
0.629,185.947
0.63,184.741
0.631,182.253
0.632,182.197
0.633,182.298
0.634,181.974
0.635,181.41
0.636,181.148
0.637,181.113
0.638,181.458
0.639,181.35
0.64,181.322
0.641,181.118
0.642,181.726
0.643,183.969
0.644,190.523
0.645,192.347
0.646,191.67
0.647,191.33
0.648,192.269
0.649,191.648
0.65,189.327
0.651,189.696
0.652,187.456
0.653,184.651
0.654,185.983
0.655,187.251
0.656,189.84
0.657,189.56
0.658,191.484
0.659,188.985
0.66,185.845
0.661,187.009
0.662,189.537
0.663,186.89
0.664,191.503
0.665,188.122
0.666,188.681
0.667,189.038
0.668,189.562
0.669,193.085
0.67,200.506
0.671,201.943
0.672,203.865
0.673,204.16
0.674,207.049
0.675,209.099
0.676,211.353
0.677,212.297
0.678,213.001
0.679,213.554
0.68,214.109
0.681,214.587
0.682,217.838
0.683,219.154
0.684,221.461
0.685,222.192
0.686,230.519
0.687,235.073
0.688,237.545
0.689,243.302
0.69,247.26
0.691,249.024
0.692,251.438
0.693,254.775
0.694,255.892
0.695,259.436
0.696,263.963
0.697,271.75
0.698,283.017
0.699,281.317
0.7,280.419
0.701,277.683
0.702,274.807
0.703,271.925
0.704,269.511
0.705,265.829
0.706,261.387
0.707,252.064
0.708,238.436
0.709,234.814
0.71,231.02
0.711,227.752
0.712,223.93
0.713,218.838
0.714,214.972
0.715,208.339
0.716,199.151
0.717,193.276
0.718,190.563
0.719,188.804
0.72,188.327
0.721,188.389
0.722,189.251
0.723,193.669
0.724,200.076
0.725,209.125
0.726,211.597
0.727,219.441
0.728,226.875
0.729,229.294
0.73,231.835
0.731,233.541
0.732,235.018
0.733,235.299
0.734,234.068
0.735,233.133
0.736,229.758
0.737,226.533
0.738,217.843
0.739,210.988
0.74,203.796
0.741,200.791
0.742,198.302
0.743,196.081
0.744,193.771
0.745,191.287
0.746,190.153
0.747,190.094
0.748,191.312
0.749,192.364
0.75,196.232
0.751,196.571
0.752,198.934
0.753,199.028
0.754,201.221
0.755,203.539
0.756,206.468
0.757,209.054
0.758,210.489
0.759,211.07
0.76,213.181
0.761,214.333
0.762,217.226
0.763,221.509
0.764,223.022
0.765,219.098
0.766,221.505
0.767,223.94
0.768,225.064
0.769,229.541
0.77,234.888
0.771,238.315
0.772,245.701
0.773,249.569
0.774,251.112
0.775,253.273
0.776,255.851
0.777,260.071
0.778,260.375
0.779,258.282
0.78,259.336
0.781,264.585
0.782,267.315
0.783,266.409
0.784,264.008
0.785,262.605
0.786,258.698
0.787,254.935
0.788,247.675
0.789,242.395
0.79,238.161
0.791,234.02
0.792,228.139
0.793,225.375
0.794,223.172
0.795,217.811
0.796,207.941
0.797,203.747
0.798,200.367
0.799,202.962
0.8,201.55
0.801,206.323
0.802,201.143
0.803,202.167
0.804,203.371
0.805,205.036
0.806,204.229
0.807,205.932
0.808,208.479
0.809,211.752
0.81,216.088
0.811,220.31
0.812,230.303
0.813,234.059
0.814,237.632
0.815,239.692
0.816,239.664
0.817,239.897
0.818,244.452
0.819,245.363
0.82,246.271
0.821,243.129
0.822,245.179
0.823,245.408
0.824,244.505
0.825,243.895
0.826,243.248
0.827,240.875
0.828,237.503
0.829,243.948
0.83,244.366
0.831,243.998
0.832,242.117
0.833,243.872
0.834,246.015
0.835,244.503
0.836,243.926
0.837,243.592
0.838,243.762
0.839,242.751
0.84,243.895
0.841,246.342
0.842,246.811
0.843,247.621
0.844,244.887
0.845,246.913
0.846,250.903
0.847,253.171
0.848,253.47
0.849,257.956
0.85,252.805
0.851,252.83
0.852,256.658
0.853,261.684
0.854,264.733
0.855,268.68
0.856,272.753
0.857,280.547
0.858,279.8
0.859,279.854
0.86,279.519
0.861,267.629
0.862,261.511
0.863,256.375
0.864,254.435
0.865,249.634
0.866,243.814
0.867,239.441
0.868,234.774
0.869,229.086
0.87,222.284
0.871,215.926
0.872,213.401
0.873,209.041
0.874,203.011
0.875,200.659
0.876,201.53
0.877,200.346
0.878,204.939
0.879,205.764
0.88,207.739
0.881,207.228
0.882,208.032
0.883,210.939
0.884,212.846
0.885,211.968
0.886,210.828
0.887,210.432
0.888,206.795
0.889,206.548
0.89,205.479
0.891,202.994
0.892,203.156
0.893,205.24
0.894,206.608
0.895,206.613
0.896,202.77
0.897,205.874
0.898,202.477
0.899,203.582
0.9,205.911
0.901,212.518
0.902,219.845
0.903,224.369
0.904,226.402
0.905,227.707
0.906,229.414
0.907,230.084
0.908,228.472
0.909,227.749
0.91,223.372
0.911,220.802
0.912,217.605
0.913,214.447
0.914,211.423
0.915,208.593
0.916,206.055
0.917,202.98
0.918,200.357
0.919,198.046
0.92,196.435
0.921,196.393
0.922,199.292
0.923,195.604
0.924,200.352
0.925,199.371
0.926,206.376
0.927,210.232
0.928,212.748
0.929,213.913
0.93,215.594
0.931,221.677
0.932,225.866
0.933,231.692
0.934,234.332
0.935,236.561
0.936,238.331
0.937,239.188
0.938,241.728
0.939,243.574
0.94,244.996
0.941,247.148
0.942,250.005
0.943,253.592
0.944,256.847
0.945,258.579
0.946,262.189
0.947,265.984
0.948,268.101
0.949,270.405
0.95,273.346
0.951,274.782
0.952,275.961
0.953,274.279
0.954,269.306
0.955,263.826
0.956,256.135
0.957,249.803
0.958,246.58
0.959,242.285
0.96,236.524
0.961,230.805
0.962,222.748
0.963,219.63
0.964,214.149
0.965,208.985
0.966,206.685
0.967,205.514
0.968,203.432
0.969,207.564
0.97,209.69
0.971,217.847
0.972,229.401
0.973,237.363
0.974,242.776
0.975,245.533
0.976,246.486
0.977,247.63
0.978,255.014
0.979,254.514
0.98,252.75
0.981,250.918
0.982,246.239
0.983,241.76
0.984,239.272
0.985,238.144
0.986,234.769
0.987,233.034
0.988,230.826
0.989,223.961
0.99,225.324
0.991,227.243
0.992,230.348
0.993,234.547
0.994,234.218
0.995,238.064
0.996,235.964
0.997,238.12
0.998,235.319
0.999,236.748
1,235.014
1.001,235.04
1.002,230.862
1.003,229.121
1.004,224.884
1.005,220.953
1.006,218.106
1.007,217.685
1.008,219.084
1.009,219.812
1.01,224.386
1.011,227.177
1.012,232.453
1.013,232.6
1.014,236.502
1.015,237.035
1.016,240.66
1.017,243.987
1.018,247.83
1.019,248.394
1.02,248.503
1.021,248.866
1.022,249.41
1.023,252.566
1.024,249.322
1.025,251.886
1.026,246.644
1.027,249.296
1.028,242.608
1.029,241.015
1.03,235.605
1.031,235.372
1.032,228.479
1.033,227.901
1.034,219.282
1.035,216.575
1.036,210.185
1.037,209.017
1.038,206.298
1.039,204.774
1.04,195.765
1.041,194.383
1.042,200.604
1.043,202.077
1.044,204.878
1.045,203.64
1.046,200.07
1.047,198.418
1.048,191.236
1.049,192.301
1.05,188.695
1.051,188.41
1.052,187.882
1.053,188.213
1.054,189.736
1.055,193.595
1.056,197.59
1.057,204.046
1.058,215.263
1.059,230.53
1.06,237.41
1.061,243.174
1.062,249.649
1.063,255.247
1.064,261.08
1.065,268.681
1.066,286.104
1.067,290.571
1.068,294.511
1.069,297.908
1.07,300.627
1.071,300.613
1.072,299.609
1.073,299.177
1.074,299.014
1.075,297.837
1.076,295.165
1.077,291.986
1.078,289.649
1.079,286.53
1.08,283.205
1.081,281.643
1.082,278.331
1.083,274.286
1.084,270.657
1.085,266.467
1.086,259.452
1.087,253.031
1.088,238.95
1.089,239.666
1.09,234.617
1.091,232.324
1.092,229.519
1.093,224.336
1.094,220.549
1.095,217.301
1.096,215.108
1.097,214.973
1.098,215.346
1.099,218.199
1.1,220.157
1.101,223.052
1.102,224.403
1.103,227.089
1.104,229.278
1.105,236.024
1.106,242.333
1.107,244.682
1.108,245.886
1.109,248.087
1.11,247.556
1.111,244.317
1.112,238.964
1.113,233.033
1.114,227.822
1.115,221.237
1.116,216.323
1.117,211.763
1.118,205.719
1.119,201.709
1.12,200.395
1.121,194.013
1.122,197.061
1.123,202.69
1.124,202.091
1.125,202.204
1.126,202.466
1.127,202.712
1.128,202.731
1.129,202.959
1.13,203.607
1.131,207.861
1.132,212.451
1.133,215.169
1.134,217.956
1.135,223.125
1.136,223.298
1.137,224.698
1.138,225.22
1.139,227.359
1.14,230.34
1.141,231.405
1.142,233.084
1.143,233.239
1.144,234.24
1.145,238.302
1.146,247.32
1.147,261.592
1.148,265.159
1.149,266.233
1.15,266.17
1.151,271.886
1.152,272.422
1.153,272.802
1.154,274.674
1.155,278.324
1.156,282.765
1.157,283.917
1.158,286.936
1.159,287.339
1.16,288.62
1.161,290.086
1.162,292.473
1.163,294.084
1.164,293.991
1.165,293.796
1.166,294.211
1.167,294.783
1.168,294.583
1.169,293.258
1.17,292.665
1.171,292.887
1.172,293.41
1.173,293.801
1.174,293.674
1.175,292.231
1.176,291.363
1.177,290.769
1.178,290
1.179,288.819
1.18,288.856
1.181,289.911
1.182,289.974
1.183,288.631
1.184,286.093
1.185,282.818
1.186,278.737
1.187,275.059
1.188,271.471
1.189,266.774
1.19,261.025
1.191,256.506
1.192,255.803
1.193,254.696
1.194,252.45
1.195,249.176
1.196,246.626
1.197,240.585
1.198,222.796
1.199,220.084
1.2,219.511
1.201,219.261
1.202,218.79
1.203,218.721
1.204,218.84
1.205,217.993
1.206,217.576
1.207,218.366
1.208,219.549
1.209,220.882
1.21,228.666
1.211,241.197
1.212,239.429
1.213,235.651
1.214,227.314
1.215,220.319
1.216,221.995
1.217,225.734
1.218,229.686
1.219,232.624
1.22,235.066
1.221,239.356
1.222,244.01
1.223,249.355
1.224,252.21
1.225,258.111
1.226,265.294
1.227,273.538
1.228,287.673
1.229,291.716
1.23,295.592
1.231,300.497
1.232,304.978
1.233,306.515
1.234,308.895
1.235,309.665
1.236,308.156
1.237,305.02
1.238,300.556
1.239,295.768
1.24,290.365
1.241,283.087
1.242,267.798
1.243,258.378
1.244,251.583
1.245,245.34
1.246,239.981
1.247,235.275
1.248,230.585
1.249,227.032
1.25,225.454
1.251,224.354
1.252,222.922
1.253,222.343
1.254,223.535
1.255,223.452
1.256,224.473
1.257,226.101
1.258,228.955
1.259,231.525
1.26,234.301
1.261,234.751
1.262,234.558
1.263,231.441
1.264,232.563
1.265,233.849
1.266,232.348
1.267,234.467
1.268,236.74
1.269,239.521
1.27,243.1
1.271,250.534
1.272,255.896
1.273,261.83
1.274,264.655
1.275,266.845
1.276,268.877
1.277,267.532
1.278,263.833
1.279,257.866
1.28,252.032
1.281,246.472
1.282,236.703
1.283,232.071
1.284,228.604
1.285,223.404
1.286,218.028
1.287,215.648
1.288,214.837
1.289,214.613
1.29,214.062
1.291,217.312
1.292,218.201
1.293,218.296
1.294,220.532
1.295,226.15
1.296,233.636
1.297,237.084
1.298,236.989
1.299,240.198
1.3,245.22
1.301,247.447
1.302,249.171
1.303,250.595
1.304,255.71
1.305,263.431
1.306,279.475
1.307,282.346
1.308,285.205
1.309,287.858
1.31,289.735
1.311,291.138
1.312,292.44
1.313,291.166
1.314,293.162
1.315,293.247
1.316,291.697
1.317,287.42
1.318,285.371
1.319,282.277
1.32,278.235
1.321,274.192
1.322,269.77
1.323,264.509
1.324,257.964
1.325,241.174
1.326,239.082
1.327,236.435
1.328,233.349
1.329,231.6
1.33,230.625
1.331,238.106
1.332,239.49
1.333,220.462
1.334,216.39
1.335,213.344
1.336,211.336
1.337,211.374
1.338,212.085
1.339,211.06
1.34,214.379
1.341,218.977
1.342,225.37
1.343,237.448
1.344,252.173
1.345,267.22
1.346,285.862
1.347,289.879
1.348,294.154
1.349,297.425
1.35,297.645
1.351,300.404
1.352,303.819
1.353,308.375
1.354,309.92
1.355,308.021
1.356,304.179
1.357,299.453
1.358,295.012
1.359,290.117
1.36,284.378
1.361,279.102
1.362,274.767
1.363,270.041
1.364,265.56
1.365,261.495
1.366,257.787
1.367,255.15
1.368,251.812
1.369,246.505
1.37,231.001
1.371,225.612
1.372,226.533
1.373,228.983
1.374,227.676
1.375,228.266
1.376,230.926
1.377,234.366
1.378,236.892
1.379,237.955
1.38,240.693
1.381,244.474
1.382,248.1
1.383,251.698
1.384,255.96
1.385,261.708
1.386,266.036
1.387,270.233
1.388,271.788
1.389,273.912
1.39,281.488
1.391,293.307
1.392,294.032
1.393,292.811
1.394,287.157
1.395,275.856
1.396,274.173
1.397,273.674
1.398,273.008
1.399,269.923
1.4,266.609
1.401,265.27
1.402,263.3
1.403,259.95
1.404,255.183
1.405,248.83
1.406,242.47
1.407,238.339
1.408,237.102
1.409,238.75
1.41,244.425
1.411,257.012
1.412,255.84
1.413,256.497
1.414,257.168
1.415,256.914
1.416,257.645
1.417,258.178
1.418,257.766
1.419,257.744
1.42,259.001
1.421,261.447
1.422,259.342
1.423,263.604
1.424,267.146
1.425,271.063
1.426,275.293
1.427,278.847
1.428,283.052
1.429,286.993
1.43,291.676
1.431,297.354
1.432,301.786
1.433,305.295
1.434,310.159
1.435,311.776
1.436,314.854
1.437,318.029
1.438,318.28
1.439,319.662
1.44,321.462
1.441,323.374
1.442,324.501
1.443,325.976
1.444,325.274
1.445,322.356
1.446,319.31
1.447,314.919
1.448,309.306
1.449,302.898
1.45,293.89
1.451,284.612
1.452,268.171
1.453,249.283
1.454,241.195
1.455,233.68
1.456,223.724
1.457,219.048
1.458,224.045
1.459,224.964
1.46,226.219
1.461,225.913
1.462,226.899
1.463,231.581
1.464,238.178
1.465,243.105
1.466,250.669
1.467,258.133
1.468,268.744
1.469,285.571
1.47,288.923
1.471,292.022
1.472,294.668
1.473,296.685
1.474,299.523
1.475,303.076
1.476,305.7
1.477,307.689
1.478,310.601
1.479,313.511
1.48,314.334
1.481,314.667
1.482,315.037
1.483,314.452
1.484,314.91
1.485,312.378
1.486,308.006
1.487,303.11
1.488,298.78
1.489,294.012
1.49,290.321
1.491,284.003
1.492,276.766
1.493,270.575
1.494,265.836
1.495,261.905
1.496,244.731
1.497,242.548
1.498,242.138
1.499,244.529
1.5,255.121
1.501,263.552
1.502,261.056
1.503,254.512
1.504,242.214
1.505,242.878
1.506,244.277
1.507,245.973
1.508,248.433
1.509,253.239
1.51,259.55
1.511,266.338
1.512,277.945
1.513,291.84
1.514,294.279
1.515,296.323
1.516,297.799
1.517,299.361
1.518,301.882
1.519,302.088
1.52,301.116
1.521,298.274
1.522,294.52
1.523,292.362
1.524,289.475
1.525,285.242
1.526,279.888
1.527,271.885
1.528,266.525
1.529,258.557
1.53,242.317
1.531,234.986
1.532,233.694
1.533,232.439
1.534,231.429
1.535,228.922
1.536,227.092
1.537,225.178
1.538,223.901
1.539,225.914
1.54,226.749
1.541,226.435
1.542,227.657
1.543,228.751
1.544,229.554
1.545,229.441
1.546,234.749
1.547,238.764
1.548,243.619
1.549,248.362
1.55,255.71
1.551,263.601
1.552,260.326
1.553,263.391
1.554,265.689
1.555,268.675
1.556,271.101
1.557,277.412
1.558,295.718
1.559,298.549
1.56,299.891
1.561,300.784
1.562,301.492
1.563,300.785
1.564,299.412
1.565,296.271
1.566,292.927
1.567,289.367
1.568,285.273
1.569,279.459
1.57,273.328
1.571,267.944
1.572,265.325
1.573,262.833
1.574,259.388
1.575,257.431
1.576,257.61
1.577,253.45
1.578,232.528
1.579,233.282
1.58,235.084
1.581,238.25
1.582,243.142
1.583,248.736
1.584,253.098
1.585,255.453
1.586,255.997
1.587,257.462
1.588,259.914
1.589,261.832
1.59,262.102
1.591,263.949
1.592,267.648
1.593,271.684
1.594,274.967
1.595,276.499
1.596,281.964
1.597,289.622
1.598,305.071
1.599,306.195
1.6,307.507
1.601,308.765
1.602,309.229
1.603,308.544
1.604,306.835
1.605,307.257
1.606,304.231
1.607,301.447
1.608,297.874
1.609,294.591
1.61,291.417
1.611,289.078
1.612,286.468
1.613,283.779
1.614,279.836
1.615,269.23
1.616,271.259
1.617,275.622
1.618,290.32
1.619,290.636
1.62,292.199
1.621,292.743
1.622,291.722
1.623,289.797
1.624,277.954
1.625,279.8
1.626,282.38
1.627,286.321
1.628,291.454
1.629,305.803
1.63,306.17
1.631,307.523
1.632,309.516
1.633,310.075
1.634,309.003
1.635,308.461
1.636,305.49
1.637,303.05
1.638,299.913
1.639,296.181
1.64,293.258
1.641,288.657
1.642,285.86
1.643,282.058
1.644,277.505
1.645,274.661
1.646,273.462
1.647,273.327
1.648,272.989
1.649,272.545
1.65,270.805
1.651,268.738
1.652,265.6
1.653,263.917
1.654,262.036
1.655,262.652
1.656,262.845
1.657,257.921
1.658,246.168
1.659,237.023
1.66,238.262
1.661,237.259
1.662,236.649
1.663,236.882
1.664,239.714
1.665,243.054
1.666,245.625
1.667,247.856
1.668,252.385
1.669,257.172
1.67,262.202
1.671,266.661
1.672,270.092
1.673,277.62
1.674,276.849
1.675,281.453
1.676,286.018
1.677,291.693
1.678,307.609
1.679,309.237
1.68,310.284
1.681,310.225
1.682,309.62
1.683,309.73
1.684,309.359
1.685,307.804
1.686,306.345
1.687,304.153
1.688,302.189
1.689,299.769
1.69,296.869
1.691,292.997
1.692,289.206
1.693,284.422
1.694,278.973
1.695,274.794
1.696,271.026
1.697,266.921
1.698,257.242
1.699,242.316
1.7,244.433
1.701,244.52
1.702,242.011
1.703,243.247
1.704,247.458
1.705,254.239
1.706,269.252
1.707,266.868
1.708,253.001
1.709,257.285
1.71,269.464
1.711,291.575
1.712,293.712
1.713,295.266
1.714,298.987
1.715,301.303
1.716,303.674
1.717,305.522
1.718,306.403
1.719,305.862
1.72,304.337
1.721,302.567
1.722,300.618
1.723,299.072
1.724,298.229
1.725,297.254
1.726,295.511
1.727,293.794
1.728,292.457
1.729,292.207
1.73,292.342
1.731,292.843
1.732,293.455
1.733,293.109
1.734,292.177
1.735,291.328
1.736,291.523
1.737,292.146
1.738,290.472
1.739,288.09
1.74,285.547
1.741,280.883
1.742,275.12
1.743,266.835
1.744,251.789
1.745,250.452
1.746,249.794
1.747,250.292
1.748,252.45
1.749,256.387
1.75,259.687
1.751,263.379
1.752,269.341
1.753,278.003
1.754,275.704
1.755,281.26
1.756,290.194
1.757,305.173
1.758,307.92
1.759,310.303
1.76,311.671
1.761,311.437
1.762,308.063
1.763,321.294
1.764,323.792
1.765,326.072
1.766,328.08
1.767,329.153
1.768,328.4
1.769,326.435
1.77,324.987
1.771,323.836
1.772,323.095
1.773,322.003
1.774,320.082
1.775,317.884
1.776,315.243
1.777,312.601
1.778,310.281
1.779,307.136
1.78,303.442
1.781,300.343
1.782,297.37
1.783,294.225
1.784,290.628
1.785,286.916
1.786,282.382
1.787,274.954
1.788,256.028
1.789,252.791
1.79,249.309
1.791,243.429
1.792,235.159
1.793,235.464
1.794,235.783
1.795,239.968
1.796,249.781
1.797,250.303
1.798,255.603
1.799,259.059
1.8,266.429
1.801,281.045
1.802,294.799
1.803,298.648
1.804,300.777
1.805,302.568
1.806,303.452
1.807,304.622
1.808,306.168
1.809,305.489
1.81,306.044
1.811,304.794
1.812,303.676
1.813,302.365
1.814,302.953
1.815,302.94
1.816,301.59
1.817,296.472
1.818,291.607
1.819,307.509
1.82,310.191
1.821,313.383
1.822,315.934
1.823,318.296
1.824,319.371
1.825,319.805
1.826,317.7
1.827,315.997
1.828,311.727
1.829,307.802
1.83,306.064
1.831,303.436
1.832,298.065
1.833,296.767
1.834,296.653
1.835,294.474
1.836,291.691
1.837,290.058
1.838,290.502
1.839,289.91
1.84,288.82
1.841,289.276
1.842,291.9
1.843,295.267
1.844,298.206
1.845,299.868
1.846,302.295
1.847,304.25
1.848,306.138
1.849,308.035
1.85,309.986
1.851,311.681
1.852,312.631
1.853,312.949
1.854,313.861
1.855,313.24
1.856,310.495
1.857,308.481
1.858,307
1.859,305.855
1.86,303.059
1.861,300.78
1.862,298.746
1.863,297.623
1.864,296.011
1.865,294.058
1.866,293.094
1.867,291.694
1.868,290.77
1.869,289.441
1.87,289.827
1.871,290.452
1.872,292.743
1.873,294.253
1.874,295.257
1.875,295.415
1.876,296.098
1.877,297.005
1.878,301.201
1.879,305.253
1.88,308.847
1.881,311.777
1.882,314.341
1.883,317.765
1.884,321.199
1.885,323.365
1.886,325.289
1.887,327.199
1.888,328.591
1.889,328.779
1.89,327.239
1.891,324.699
1.892,321.96
1.893,319.437
1.894,317.892
1.895,313.797
1.896,310.078
1.897,304.944
1.898,300.624
1.899,296.286
1.9,290.81
1.901,287.654
1.902,285.36
1.903,285.101
1.904,283.267
1.905,281.434
1.906,281.759
1.907,281.934
1.908,282.968
1.909,282.781
1.91,281.991
1.911,283.202
1.912,284.928
1.913,287.641
1.914,289.357
1.915,291.568
1.916,292.682
1.917,292.695
1.918,295.671
1.919,299.368
1.92,301.235
1.921,301.124
1.922,301.915
1.923,305.535
1.924,307.241
1.925,307.595
1.926,309.203
1.927,312.731
1.928,316.614
1.929,320.321
1.93,323.318
1.931,326.521
1.932,328.474
1.933,329.071
1.934,328.886
1.935,326.818
1.936,323.214
1.937,319.527
1.938,315.582
1.939,310.879
1.94,306.064
1.941,301.365
1.942,296.147
1.943,290.468
1.944,288.764
1.945,286.4
1.946,282.347
1.947,278.314
1.948,277.772
1.949,278.385
1.95,276.859
1.951,276.162
1.952,278.642
1.953,278.279
1.954,279.742
1.955,284.099
1.956,286.557
1.957,285.213
1.958,290.792
1.959,292.864
1.96,295.579
1.961,296.797
1.962,298.492
1.963,300.72
1.964,300.999
1.965,304.006
1.966,306.603
1.967,309.865
1.968,312.767
1.969,315.684
1.97,319.199
1.971,322.976
1.972,326.691
1.973,329.809
1.974,332.717
1.975,335.282
1.976,337.679
1.977,339.796
1.978,341.23
1.979,341.691
1.98,341.552
1.981,342.263
1.982,342.817
1.983,342.375
1.984,342.608
1.985,342.295
1.986,339.125
1.987,336.07
1.988,331.548
1.989,328.42
1.99,325.15
1.991,322.993
1.992,319.55
1.993,314.222
1.994,311.132
1.995,306.754
1.996,305.771
1.997,304.529
1.998,303.684
1.999,301.502
2,300.447
2.001,300.349
2.002,300.995
2.003,301.718
2.004,301.265
2.005,301.724
2.006,302.695
2.007,304.305
2.008,303.628
2.009,304.544
2.01,306.669
2.011,313.07
2.012,314.859
2.013,316.332
2.014,318.005
2.015,323.765
2.016,324.919
2.017,326.537
2.018,328.562
2.019,333.826
2.02,336.001
2.021,337.998
2.022,338.627
2.023,341.515
2.024,343.686
2.025,343.052
2.026,343.788
2.027,342.323
2.028,341.555
2.029,338.145
2.03,336.96
2.031,333.112
2.032,331.307
2.033,328.529
2.034,327.853
2.035,324.904
2.036,326.058
2.037,324.523
2.038,324.205
2.039,322.506
2.04,321.057
2.041,320.586
2.042,321.983
2.043,322.032
2.044,321.678
2.045,320.71
2.046,320.377
2.047,320.701
2.048,321.921
2.049,322.089
2.05,320.765
2.051,318.78
2.052,318.666
2.053,316.995
2.054,315.333
2.055,310.642
2.056,308.768
2.057,306.355
2.058,304.219
2.059,298.945
2.06,295.814
2.061,288.522
2.062,274.981
2.063,270.42
2.064,264.423
2.065,262.538
2.066,261.656
2.067,260.855
2.068,259.785
2.069,259.079
2.07,259.501
2.071,259.393
2.072,258.722
2.073,258.987
2.074,258.921
2.075,260.201
2.076,260.887
2.077,260.88
2.078,260.875
2.079,262.26
2.08,262.727
2.081,263.769
2.082,264.408
2.083,267.436
2.084,269.412
2.085,277.339
2.086,296.765
2.087,300.975
2.088,303.013
2.089,306.416
2.09,309.017
2.091,315.015
2.092,318.231
2.093,320.472
2.094,321.476
2.095,324.662
2.096,327.344
2.097,330.45
2.098,330.226
2.099,332.99
2.1,334.808
2.101,335.912
2.102,336.142
2.103,337.14
2.104,337.403
2.105,337.07
2.106,336.364
2.107,336.304
2.108,336.652
2.109,336.949
2.11,337.397
2.111,337.214
2.112,336.616
2.113,334.503
2.114,332.205
2.115,329.296
2.116,327.396
2.117,325.585
2.118,323.638
2.119,322.85
2.12,322.899
2.121,323.615
2.122,324.299
2.123,326.095
2.124,328.307
2.125,330.181
2.126,333.179
2.127,337.281
2.128,341.077
2.129,344.417
2.13,347.875
2.131,350.184
2.132,352.235
2.133,353.555
2.134,354.077
2.135,354.456
2.136,354.88
2.137,353.575
2.138,350.65
2.139,345.421
2.14,339.592
2.141,333.873
2.142,329.164
2.143,323.254
2.144,314.708
2.145,307.72
2.146,301.363
2.147,294.625
2.148,288.17
2.149,282.112
2.15,280.775
2.151,277.746
2.152,269.574
2.153,282.294
2.154,280.778
2.155,277.787
2.156,274.84
2.157,276.441
2.158,281.628
2.159,280.954
2.16,281.201
2.161,281.52
2.162,282.73
2.163,285.316
2.164,290.09
2.165,293.618
2.166,297.008
2.167,300.129
2.168,303.814
2.169,307.765
2.17,310.681
2.171,314.11
2.172,317.043
2.173,319.747
2.174,321.929
2.175,323.284
2.176,326.808
2.177,330.721
2.178,334.188
2.179,336.441
2.18,338.428
2.181,341.498
2.182,344.572
2.183,344.075
2.184,343.112
2.185,341.709
2.186,339.823
2.187,337.074
2.188,335.075
2.189,332.153
2.19,329.286
2.191,327.34
2.192,330.073
2.193,327.131
2.194,323.575
2.195,320.341
2.196,317.461
2.197,315.915
2.198,314.142
2.199,313.596
2.2,313.563
2.201,312.759
2.202,311.553
2.203,311.237
2.204,312.005
2.205,314.075
2.206,317.107
2.207,319.735
2.208,321.78
2.209,323.967
2.21,325.633
2.211,327.726
2.212,328.918
2.213,330.437
2.214,331.89
2.215,333.974
2.216,337.328
2.217,339.248
2.218,340.58
2.219,342.49
2.22,344.655
2.221,346.003
2.222,345.643
2.223,346.236
2.224,348.441
2.225,350.78
2.226,352.411
2.227,353.106
2.228,353.361
2.229,351.537
2.23,349.542
2.231,346.365
2.232,343.048
2.233,339.335
2.234,335.276
2.235,331.721
2.236,328.352
2.237,324.48
2.238,321.086
2.239,318.873
2.24,316.891
2.241,314.72
2.242,313.681
2.243,312.743
2.244,312.216
2.245,313.314
2.246,315.624
2.247,318.006
2.248,320.533
2.249,324.251
2.25,327.728
2.251,330.797
2.252,334.303
2.253,338.211
2.254,342.11
2.255,345.268
2.256,348.343
2.257,351.244
2.258,353.935
2.259,356.799
2.26,361.223
2.261,364.531
2.262,365.501
2.263,363.785
2.264,361.042
2.265,357.25
2.266,353.267
2.267,348.904
2.268,343.841
2.269,339.231
2.27,334.498
2.271,329.406
2.272,324.674
2.273,320.899
2.274,318.011
2.275,312.904
2.276,308.286
2.277,305.22
2.278,302.928
2.279,301.404
2.28,300.889
2.281,300.548
2.282,301.456
2.283,303.187
2.284,305.247
2.285,307.682
2.286,311.253
2.287,315.459
2.288,320.255
2.289,322.945
2.29,327.203
2.291,331.399
2.292,335.065
2.293,337.241
2.294,339.308
2.295,342.347
2.296,347.153
2.297,352.673
2.298,356.29
2.299,355.723
2.3,353.994
2.301,352.178
2.302,350.461
2.303,346.568
2.304,343.573
2.305,340.619
2.306,337.845
2.307,335.24
2.308,333.553
2.309,331.408
2.31,328.051
2.311,325.106
2.312,322.712
2.313,320.569
2.314,316.158
2.315,314.974
2.316,315.156
2.317,317.074
2.318,315.994
2.319,317.67
2.32,320.828
2.321,320.558
2.322,320.282
2.323,321.42
2.324,322.399
2.325,321.929
2.326,320.135
2.327,320.494
2.328,321.455
2.329,322.453
2.33,326.586
2.331,330.74
2.332,332.393
2.333,335.54
2.334,339.343
2.335,342.266
2.336,346.023
2.337,349.091
2.338,352.331
2.339,355.357
2.34,358.009
2.341,360.941
2.342,363.665
2.343,363.704
2.344,362.824
2.345,359.32
2.346,356.657
2.347,352.547
2.348,348.996
2.349,344.666
2.35,339.008
2.351,336.002
2.352,331.124
2.353,328.444
2.354,325.002
2.355,322.262
2.356,320.324
2.357,318.612
2.358,317.537
2.359,316.859
2.36,315.751
2.361,315.581
2.362,315.224
2.363,314.093
2.364,314.202
2.365,316.26
2.366,319.252
2.367,319.726
2.368,321.537
2.369,324.394
2.37,327.424
2.371,329.61
2.372,333.246
2.373,338.247
2.374,342.999
2.375,346.182
2.376,351.621
2.377,356.315
2.378,360.552
2.379,364.649
2.38,366.934
2.381,369.206
2.382,370.142
2.383,369.905
2.384,369.224
2.385,367.45
2.386,365.468
2.387,363.258
2.388,360.376
2.389,358.423
2.39,357.262
2.391,353.353
2.392,350.707
2.393,348.088
2.394,346.079
2.395,343.359
2.396,341.118
2.397,339.431
2.398,338.829
2.399,338.886
2.4,339.407
2.401,340.616
2.402,341.043
2.403,343.251
2.404,344.973
2.405,347.211
2.406,349.91
2.407,351.886
2.408,354.62
2.409,357.247
2.41,360.714
2.411,362.755
2.412,364.121
2.413,363.774
2.414,361.504
2.415,358.964
2.416,355.983
2.417,350.253
2.418,348.751
2.419,346.581
2.42,344.903
2.421,341.137
2.422,338.83
2.423,335.736
2.424,331.762
2.425,327.441
2.426,321.534
2.427,319.003
2.428,317.368
2.429,314.768
2.43,314.024
2.431,312.825
2.432,310.699
2.433,309.782
2.434,309.417
2.435,308.074
2.436,310.928
2.437,312.903
2.438,311.809
2.439,311.514
2.44,312.004
2.441,313.408
2.442,313.846
2.443,313.379
2.444,313.381
2.445,315.489
2.446,317.737
2.447,318.781
2.448,321.057
2.449,324.915
2.45,329.191
2.451,333.585
2.452,338.237
2.453,342.749
2.454,346.856
2.455,350.177
2.456,353.009
2.457,355.896
2.458,357.631
2.459,359.963
2.46,362.727
2.461,364.498
2.462,365.57
2.463,367.053
2.464,368.278
2.465,369.194
2.466,367.231
2.467,364.671
2.468,363.821
2.469,361.716
2.47,360.462
2.471,356.951
2.472,352.382
2.473,347.642
2.474,342.906
2.475,338.858
2.476,334.723
2.477,330.214
2.478,324.936
2.479,320.044
2.48,316.676
2.481,314.959
2.482,313.901
2.483,313.338
2.484,313.288
2.485,313.336
2.486,314.162
2.487,314.278
2.488,315.737
2.489,319.164
2.49,323.368
2.491,328.075
2.492,333.357
2.493,338.731
2.494,344.041
2.495,348.365
2.496,351.836
2.497,354.933
2.498,358.201
2.499,360.131
2.5,359.943
2.501,360.789
2.502,362.688
2.503,362.898
2.504,361.084
2.505,360.29
2.506,358.506
2.507,354.755
2.508,349.418
2.509,343.828
2.51,337.929
2.511,333.337
2.512,329.094
2.513,325.331
2.514,321.441
2.515,316.746
2.516,313.494
2.517,307.513
2.518,302.531
2.519,300.758
2.52,302.775
2.521,306.496
2.522,309.927
2.523,313.243
2.524,313.928
2.525,314.41
2.526,314.573
2.527,315.008
2.528,314.937
2.529,314.291
2.53,313.792
2.531,313.92
2.532,314.492
2.533,316.237
2.534,319.543
2.535,323.172
2.536,329.099
2.537,336.674
2.538,344.91
2.539,350.767
2.54,356.842
2.541,361.698
2.542,365.83
2.543,370.145
2.544,373.75
2.545,377.259
2.546,380.037
2.547,382.697
2.548,385.115
2.549,386.773
2.55,387.6
2.551,386.283
2.552,383.482
2.553,380.369
2.554,376.735
2.555,372.601
2.556,368.82
2.557,365.437
2.558,362.864
2.559,359.796
2.56,357.667
2.561,355.301
2.562,354.116
2.563,352.959
2.564,352.069
2.565,351.698
2.566,351.094
2.567,350.489
2.568,351.255
2.569,352.15
2.57,353.288
2.571,354.581
2.572,357.166
2.573,360.712
2.574,362.805
2.575,363.509
2.576,365.188
2.577,367.159
2.578,368.955
2.579,370.936
2.58,372.226
2.581,374.447
2.582,375.541
2.583,377.005
2.584,378.233
2.585,376.642
2.586,375.912
2.587,375.865
2.588,373.589
2.589,372.001
2.59,369.332
2.591,365.644
2.592,361.308
2.593,357.355
2.594,352.956
2.595,348.132
2.596,342.716
2.597,336.465
2.598,331.388
2.599,326.56
2.6,320.999
2.601,318.471
2.602,318.945
2.603,319.052
2.604,319.431
2.605,320.171
2.606,320.23
2.607,321.315
2.608,322.092
2.609,323.678
2.61,326.229
2.611,329.627
2.612,333.379
2.613,336.444
2.614,341.488
2.615,344.024
2.616,347.169
2.617,351.059
2.618,353.358
2.619,356.919
2.62,361.311
2.621,365.321
2.622,367.29
2.623,369.428
2.624,372.404
2.625,376.14
2.626,378.251
2.627,377.968
2.628,376.201
2.629,374.697
2.63,372.351
2.631,369.727
2.632,366.018
2.633,361.876
2.634,356.286
2.635,349.251
2.636,343.373
2.637,337.72
2.638,332.854
2.639,331.089
2.64,333.451
2.641,335.897
2.642,335.616
2.643,336.507
2.644,336.778
2.645,337.435
2.646,338.545
2.647,342.56
2.648,346.831
2.649,351.432
2.65,358.035
2.651,364.962
2.652,369.905
2.653,376.036
2.654,379.589
2.655,383.995
2.656,388.482
2.657,391.583
2.658,394.667
2.659,395.507
2.66,395.178
2.661,394.628
2.662,395.036
2.663,394.707
2.664,394.644
2.665,392.891
2.666,390.048
2.667,390.105
2.668,389.036
2.669,387.905
2.67,386.178
2.671,383.845
2.672,381.225
2.673,378.606
2.674,375.714
2.675,372.478
2.676,368.634
2.677,363.641
2.678,357.289
2.679,353.034
2.68,349.044
2.681,343.472
2.682,338.945
2.683,333.934
2.684,330.091
2.685,327.117
2.686,324.442
2.687,325.516
2.688,326.754
2.689,335.656
2.69,338.768
2.691,341.11
2.692,343.456
2.693,347.041
2.694,350.235
2.695,351.418
2.696,353.808
2.697,356.211
2.698,356.734
2.699,356.105
2.7,354.757
2.701,354.119
2.702,352.444
2.703,350.018
2.704,348.582
2.705,348.894
2.706,346.87
2.707,344.94
2.708,343.096
2.709,340.466
2.71,336.405
2.711,332.521
2.712,332.022
2.713,332.164
2.714,331.164
2.715,329.608
2.716,329.658
2.717,328.426
2.718,326.773
2.719,326.934
2.72,327.367
2.721,328.046
2.722,328.369
2.723,329.071
2.724,331.324
2.725,333.121
2.726,338.288
2.727,341.459
2.728,344.774
2.729,347.902
2.73,351.398
2.731,354.925
2.732,358.3
2.733,361.596
2.734,364.65
2.735,367.237
2.736,369.494
2.737,371.696
2.738,374.259
2.739,376.852
2.74,379.194
2.741,381.419
2.742,384.428
2.743,387.047
2.744,389.14
2.745,390.397
2.746,391.741
2.747,393.508
2.748,395.637
2.749,397.001
2.75,397.547
2.751,398.232
2.752,398.138
2.753,396.096
2.754,393.749
2.755,391.426
2.756,388.315
2.757,385.409
2.758,382.21
2.759,380.812
2.76,378.748
2.761,377.123
2.762,374.742
2.763,373.374
2.764,373.61
2.765,374.342
2.766,376.545
2.767,378.835
2.768,381.147
2.769,384.012
2.77,387.056
2.771,390.332
2.772,392.492
2.773,394.802
2.774,396.263
2.775,398.246
2.776,400.55
2.777,403.139
2.778,405.796
2.779,406.155
2.78,407.243
2.781,408.741
2.782,406.565
2.783,405.146
2.784,403.241
2.785,402.201
2.786,400.793
2.787,398.732
2.788,396.665
2.789,394.155
2.79,392.074
2.791,389.793
2.792,387.878
2.793,384.507
2.794,380.555
2.795,375.221
2.796,370.115
2.797,365.302
2.798,360.331
2.799,355.084
2.8,350.808
2.801,348.088
2.802,344.579
2.803,340.586
2.804,338.117
2.805,337.478
2.806,336.1
2.807,333.863
2.808,331.785
2.809,333.636
2.81,337.416
2.811,339.623
2.812,342.308
2.813,346.528
2.814,351.45
2.815,356.779
2.816,360.722
2.817,364.78
2.818,369.528
2.819,373.919
2.82,378.065
2.821,381.194
2.822,384.506
2.823,388.652
2.824,392.328
2.825,394.958
2.826,397.67
2.827,400.29
2.828,403.075
2.829,402.919
2.83,400.598
2.831,399.551
2.832,397.027
2.833,393.354
2.834,390.345
2.835,387.727
2.836,385.054
2.837,381.937
2.838,378.892
2.839,376.3
2.84,373.882
2.841,371.132
2.842,367.557
2.843,364.894
2.844,363.452
2.845,363.742
2.846,363.367
2.847,362.657
2.848,362.711
2.849,363.916
2.85,366.664
2.851,370.228
2.852,373.538
2.853,376.569
2.854,378.881
2.855,381.424
2.856,384.798
2.857,388.904
2.858,391.973
2.859,393.289
2.86,395.831
2.861,398.847
2.862,401.168
2.863,400.81
2.864,399.209
2.865,397.084
2.866,394.671
2.867,392.215
2.868,390.149
2.869,388.097
2.87,385.077
2.871,382.3
2.872,380.664
2.873,379.12
2.874,375.907
2.875,372.998
2.876,370.011
2.877,368.786
2.878,367.054
2.879,365.521
2.88,363.621
2.881,362.419
2.882,362.286
2.883,362.44
2.884,362.59
2.885,363.18
2.886,364.77
2.887,367.474
2.888,370.506
2.889,373.764
2.89,374.313
2.891,376.641
2.892,379.841
2.893,383.594
2.894,387.124
2.895,391.014
2.896,394.329
2.897,397.413
2.898,401.168
2.899,404.099
2.9,405.713
2.901,407.915
2.902,410.296
2.903,409.707
2.904,407.471
2.905,405.631
2.906,403.45
2.907,401.728
2.908,400.31
2.909,398.965
2.91,397.311
2.911,395.184
2.912,393.829
2.913,392.325
2.914,389.34
2.915,386.471
2.916,384.766
2.917,384.346
2.918,383.099
2.919,381.311
2.92,378.663
2.921,376.389
2.922,374.841
2.923,372.57
2.924,369.675
2.925,367.036
2.926,364.287
2.927,363.097
2.928,363.009
2.929,363.884
2.93,365.304
2.931,367.343
2.932,370.246
2.933,374.837
2.934,377.519
2.935,380.93
2.936,383.88
2.937,387.464
2.938,391.087
2.939,394.983
2.94,398.721
2.941,401.82
2.942,402.606
2.943,403.689
2.944,405.128
2.945,408.243
2.946,410.551
2.947,412.402
2.948,413.767
2.949,415.279
2.95,416.478
2.951,417.069
2.952,417.46
2.953,418.187
2.954,418.866
2.955,417.515
2.956,414.895
2.957,412.801
2.958,410.926
2.959,408.785
2.96,406.641
2.961,406.427
2.962,405.013
2.963,402.97
2.964,400.795
2.965,399.346
2.966,397.09
2.967,393.407
2.968,390.45
2.969,386.968
2.97,383.558
2.971,380.862
2.972,378.973
2.973,376.558
2.974,372.861
2.975,371.781
2.976,371.676
2.977,372.983
2.978,375.067
2.979,377.387
2.98,380.086
2.981,383.278
2.982,385.894
2.983,389.164
2.984,392.603
2.985,396.221
2.986,398.446
2.987,400.229
2.988,403.724
2.989,406.868
2.99,408.408
2.991,409.804
2.992,409.792
2.993,408.364
2.994,406.465
2.995,405.221
2.996,402.934
2.997,400.281
2.998,397.261
2.999,394.011
3,390.426
3.001,385.761
3.002,381.326
3.003,379.231
3.004,376.124
3.005,372.616
3.006,370.04
3.007,368.808
3.008,365.903
3.009,364.155
3.01,363.747
3.011,363.424
3.012,364.522
3.013,366.497
3.014,365.672
3.015,365.942
3.016,366.624
3.017,367.814
3.018,369.142
3.019,370.458
3.02,372.99
3.021,375.004
3.022,376.405
3.023,378.36
3.024,379.947
3.025,381.76
3.026,384.022
3.027,386.95
3.028,389.969
3.029,392.946
3.03,396.531
3.031,399.257
3.032,402.07
3.033,404.65
3.034,406.851
3.035,408.479
3.036,409.067
3.037,408.962
3.038,409.47
3.039,408.61
3.04,406.359
3.041,403.654
3.042,400.616
3.043,398.27
3.044,395.999
3.045,392.919
3.046,390.815
3.047,388.562
3.048,387.43
3.049,387.618
3.05,387.871
3.051,388.417
3.052,390.18
3.053,392.16
3.054,392.464
3.055,393.962
3.056,395.371
3.057,397.501
3.058,397.734
3.059,397.445
3.06,397.574
3.061,397.926
3.062,398.746
3.063,399.333
3.064,400.032
3.065,400.174
3.066,399.667
3.067,399.127
3.068,399.163
3.069,399.97
3.07,401.311
3.071,403.313
3.072,404.71
3.073,406.498
3.074,407.586
3.075,408.928
3.076,410.333
3.077,412.029
3.078,412.784
3.079,413.881
3.08,415.403
3.081,417.079
3.082,417.238
3.083,417.633
3.084,417.604
3.085,417.944
3.086,418.771
3.087,420.954
3.088,421.958
3.089,423.446
3.09,425.571
3.091,428.387
3.092,427.787
3.093,426.022
3.094,423.241
3.095,421.06
3.096,418.955
3.097,417.257
3.098,416.383
3.099,416.011
3.1,416.347
3.101,417.083
3.102,418.05
3.103,419.627
3.104,421.473
3.105,423.331
3.106,425.945
3.107,428.369
3.108,429.955
3.109,430.447
3.11,430.505
3.111,429.97
3.112,429.449
3.113,428.219
3.114,425.776
3.115,422.172
3.116,419.328
3.117,416.379
3.118,413.608
3.119,412.164
3.12,410.07
3.121,406.936
3.122,403.8
3.123,401.253
3.124,399.375
3.125,396.845
3.126,393.737
3.127,392.156
3.128,390.754
3.129,390.603
3.13,387.804
3.131,384.635
3.132,381.649
3.133,381.062
3.134,379.486
3.135,377.13
3.136,375.771
3.137,374.674
3.138,374.713
3.139,376.446
3.14,378.198
3.141,380.085
3.142,382.15
3.143,386.27
3.144,389.12
3.145,392.282
3.146,395.806
3.147,396.714
3.148,398.552
3.149,399.851
3.15,400.791
3.151,402.376
3.152,403.096
3.153,403.801
3.154,405.598
3.155,404.991
3.156,404.056
3.157,404.917
3.158,405.253
3.159,404.408
3.16,404.073
3.161,405.404
3.162,405.818
3.163,405.601
3.164,404.696
3.165,404.058
3.166,403.525
3.167,402.651
3.168,401.624
3.169,400.34
3.17,399.282
3.171,398.94
3.172,398.257
3.173,398.35
3.174,398.856
3.175,398.42
3.176,398.489
3.177,399.043
3.178,399.34
3.179,399.264
3.18,399.825
3.181,400.317
3.182,401.527
3.183,402.554
3.184,403.233
3.185,403.398
3.186,403.249
3.187,403.983
3.188,404.653
3.189,404.624
3.19,403.287
3.191,403.153
3.192,404.151
3.193,405.375
3.194,406.689
3.195,408.338
3.196,409.056
3.197,408.406
3.198,407.413
3.199,407.806
3.2,408.059
3.201,408.606
3.202,409.314
3.203,408.75
3.204,408.859
3.205,408.099
3.206,407.795
3.207,407.63
3.208,407.941
3.209,407.982
3.21,407.202
3.211,407.381
3.212,408.127
3.213,408.583
3.214,407.94
3.215,408.517
3.216,408.537
3.217,407.981
3.218,408.216
3.219,408.156
3.22,408.382
3.221,408.646
3.222,407.927
3.223,407.548
3.224,408.346
3.225,409.554
3.226,409.579
3.227,409.275
3.228,408.658
3.229,409.236
3.23,408.887
3.231,408.592
3.232,409.052
3.233,410.386
3.234,411.266
3.235,412.442
3.236,413.334
3.237,414.456
3.238,415.569
3.239,418.349
3.24,420.602
3.241,421.9
3.242,423.49
3.243,425.018
3.244,426.012
3.245,426.678
3.246,427.128
3.247,428.396
3.248,429.371
3.249,430.681
3.25,431.683
3.251,433.475
3.252,435.54
3.253,437.57
3.254,438.505
3.255,437.708
3.256,435.391
3.257,430.775
3.258,426.55
3.259,424.292
3.26,422.559
3.261,423.142
3.262,423.74
3.263,423.886
3.264,424.672
3.265,426.313
3.266,427.66
3.267,428.912
3.268,430.208
3.269,431.084
3.27,431.248
3.271,431.141
3.272,432.491
3.273,432.89
3.274,432.199
3.275,431.995
3.276,431.004
3.277,428.161
3.278,426.163
3.279,426.944
3.28,424.627
3.281,421.616
3.282,418.511
3.283,414.796
3.284,410.379
3.285,406.187
3.286,401.092
3.287,395.813
3.288,391.374
3.289,386.945
3.29,383.148
3.291,378.91
3.292,375.449
3.293,371.651
3.294,368.313
3.295,365.197
3.296,363.272
3.297,362.31
3.298,361.877
3.299,361.666
3.3,362.971
3.301,365.027
3.302,368.054
3.303,372.567
3.304,377.543
3.305,381.542
3.306,385.264
3.307,388.147
3.308,390.88
3.309,393.633
3.31,396.728
3.311,399.589
3.312,402.264
3.313,406.016
3.314,408.989
3.315,413.168
3.316,416.561
3.317,418.845
3.318,421.224
3.319,423.956
3.32,424.842
3.321,426.933
3.322,428.588
3.323,430.44
3.324,431.717
3.325,433.359
3.326,435.562
3.327,434.064
3.328,431.387
3.329,428.741
3.33,426.631
3.331,424.606
3.332,423.503
3.333,423.125
3.334,421.803
3.335,419.297
3.336,418.171
3.337,418.06
3.338,416.992
3.339,416.2
3.34,416.547
3.341,416.319
3.342,415.775
3.343,415.799
3.344,416.367
3.345,417.691
3.346,418.181
3.347,419.597
3.348,420.934
3.349,422.333
3.35,423.247
3.351,424.742
3.352,424.514
3.353,425.015
3.354,425.067
3.355,425.722
3.356,426.354
3.357,426.504
3.358,427.035
3.359,428.261
3.36,429.75
3.361,430.351
3.362,430.617
3.363,431.693
3.364,433.52
3.365,433.812
3.366,433.476
3.367,433.417
3.368,434.25
3.369,433.266
3.37,431.614
3.371,428.79
3.372,426.362
3.373,424.286
3.374,421.862
3.375,419.423
3.376,416.627
3.377,413.853
3.378,411.289
3.379,408.523
3.38,406.159
3.381,404.345
3.382,402.756
3.383,401.737
3.384,400.572
3.385,400.316
3.386,401.106
3.387,403.368
3.388,405.009
3.389,405.392
3.39,406.489
3.391,407.901
3.392,409.443
3.393,411.56
3.394,413.528
3.395,413.144
3.396,414.316
3.397,415.664
3.398,416.457
3.399,417.203
3.4,418.161
3.401,418.72
3.402,418.774
3.403,419.762
3.404,421.659
3.405,423.164
3.406,424.211
3.407,424.373
3.408,424.717
3.409,425.183
3.41,425.651
3.411,426.231
3.412,426.361
3.413,426.82
3.414,427.271
3.415,427.919
3.416,428.387
3.417,428.136
3.418,427.89
3.419,427.239
3.42,427.61
3.421,427.107
3.422,423.73
3.423,421.549
3.424,419.789
3.425,418.974
3.426,418.733
3.427,418.386
3.428,418.514
3.429,420.231
3.43,421.543
3.431,423.365
3.432,425.773
3.433,426.598
3.434,426.435
3.435,427.453
3.436,428.262
3.437,428.654
3.438,429.013
3.439,428.546
3.44,428.286
3.441,428.341
3.442,427.852
3.443,427.754
3.444,428.613
3.445,429.004
3.446,429.341
3.447,429.596
3.448,429.553
3.449,428.85
3.45,428.425
3.451,428.389
3.452,428.336
3.453,428.428
3.454,428.125
3.455,425.471
3.456,423.87
3.457,422.055
3.458,420.383
3.459,418.149
3.46,415.303
3.461,413.391
3.462,412.302
3.463,410.678
3.464,409.409
3.465,409.149
3.466,409.28
3.467,411.447
3.468,412.659
3.469,414.305
3.47,416.177
3.471,417.95
3.472,419.517
3.473,421
3.474,422.483
3.475,423.582
3.476,425.637
3.477,427.156
3.478,427.312
3.479,428.269
3.48,428.742
3.481,428.463
3.482,428.52
3.483,428.599
3.484,428.433
3.485,428.644
3.486,429.272
3.487,429.543
3.488,429.834
3.489,430.173
3.49,430.424
3.491,430.436
3.492,429.765
3.493,429.663
3.494,429.383
3.495,428.802
3.496,428.258
3.497,428.253
3.498,427.887
3.499,427.211
3.5,427.198
3.501,426.342
3.502,425.721
3.503,424.941
3.504,424.57
3.505,424.117
3.506,424.087
3.507,423.56
3.508,423.644
3.509,424.065
3.51,424.471
3.511,424.782
3.512,424.231
3.513,425.406
3.514,426.137
3.515,426.337
3.516,426.849
3.517,427.516
3.518,428.608
3.519,429.27
3.52,429.317
3.521,429.593
3.522,430.379
3.523,429.29
3.524,427.124
3.525,425.868
3.526,423.964
3.527,422.293
3.528,422.025
3.529,421.029
3.53,419.222
3.531,418.847
3.532,420.041
3.533,421.296
3.534,422.494
3.535,424.102
3.536,425.203
3.537,426.004
3.538,426.161
3.539,426.552
3.54,426.941
3.541,427.521
3.542,428.141
3.543,428.607
3.544,429.572
3.545,429.911
3.546,430.323
3.547,431.128
3.548,431.998
3.549,433.175
3.55,434.764
3.551,433.021
3.552,431.131
3.553,429.776
3.554,428.423
3.555,428.05
3.556,426.95
3.557,425.414
3.558,424.285
3.559,421.391
3.56,420.929
3.561,421.291
3.562,421.675
3.563,422.346
3.564,423.67
3.565,424.622
3.566,425.162
3.567,426.47
3.568,427.675
3.569,428.664
3.57,429.779
3.571,430.677
3.572,431.642
3.573,432.534
3.574,433.478
3.575,434.116
3.576,435.108
3.577,436.287
3.578,436.763
3.579,436.559
3.58,436.743
3.581,436.752
3.582,437.021
3.583,438.371
3.584,439.338
3.585,436.927
3.586,435.703
3.587,435.058
3.588,434.124
3.589,432.248
3.59,431.306
3.591,430.972
3.592,431.312
3.593,430.8
3.594,430.977
3.595,431.194
3.596,432.472
3.597,434.275
3.598,436.211
3.599,437.858
3.6,438.999
3.601,441.806
3.602,443.326
3.603,444.793
3.604,446.214
3.605,447.299
3.606,448.544
3.607,449.531
3.608,450.721
3.609,451.283
3.61,451.323
3.611,450.923
3.612,451.84
3.613,449.535
3.614,446.239
3.615,442.812
3.616,442.017
3.617,438.582
3.618,435.817
3.619,432.814
3.62,429.19
3.621,425.573
3.622,422.434
3.623,419.553
3.624,416.999
3.625,414.176
3.626,411.441
3.627,409.486
3.628,407.694
3.629,406.351
3.63,405.843
3.631,406.588
3.632,408.204
3.633,410.964
3.634,413.558
3.635,416.319
3.636,418.548
3.637,421.479
3.638,424.197
3.639,426.976
3.64,429.54
3.641,431.581
3.642,433.609
3.643,435.279
3.644,438.133
3.645,440.275
3.646,441.881
3.647,443.075
3.648,444.134
3.649,445.329
3.65,446.332
3.651,447.065
3.652,447.321
3.653,447.745
3.654,447.94
3.655,447.1
3.656,443.892
3.657,440.642
3.658,436.943
3.659,434.221
3.66,429.955
3.661,426.718
3.662,423.281
3.663,420.205
3.664,417.039
3.665,413.605
3.666,409.643
3.667,407.972
3.668,408.282
3.669,408.707
3.67,406.958
3.671,408.045
3.672,409.256
3.673,411.486
3.674,413.5
3.675,415.625
3.676,417.865
3.677,419.767
3.678,421.278
3.679,423.349
3.68,425.312
3.681,426.58
3.682,427.48
3.683,428.875
3.684,430.24
3.685,430.576
3.686,430.868
3.687,432.24
3.688,432.306
3.689,432.404
3.69,432.538
3.691,432.512
3.692,432.991
3.693,432.892
3.694,433.656
3.695,433.515
3.696,434.254
3.697,434.661
3.698,435.281
3.699,435.232
3.7,435.001
3.701,435.102
3.702,436.149
3.703,436.019
3.704,435.868
3.705,435.744
3.706,436.209
3.707,434.546
3.708,431.963
3.709,428.521
3.71,426.536
3.711,424.672
3.712,421.8
3.713,421.616
3.714,421.282
3.715,421.365
3.716,422.314
3.717,424.557
3.718,426.135
3.719,427.805
3.72,429.513
3.721,430.64
3.722,431.964
3.723,432.526
3.724,433.298
3.725,433.199
3.726,432.701
3.727,432.692
3.728,433.038
3.729,433.428
3.73,434.14
3.731,434.381
3.732,435.241
3.733,435.305
3.734,436.806
3.735,437.447
3.736,437.491
3.737,437.193
3.738,437.176
3.739,437.295
3.74,437.947
3.741,438.205
3.742,438.852
3.743,438.905
3.744,439.768
3.745,440.384
3.746,436.335
3.747,433.829
3.748,431.61
3.749,428.932
3.75,426.155
3.751,424.049
3.752,424.134
3.753,423.88
3.754,424.017
3.755,424.912
3.756,425.967
3.757,427.305
3.758,428.997
3.759,430.692
3.76,432.308
3.761,433.518
3.762,434.846
3.763,436.373
3.764,437.487
3.765,437.799
3.766,437.981
3.767,438.009
3.768,437.412
3.769,437.264
3.77,437.447
3.771,436.271
3.772,435.703
3.773,435.928
3.774,435.649
3.775,435.563
3.776,435.37
3.777,435.691
3.778,436.283
3.779,436.627
3.78,437.155
3.781,437.801
3.782,438.955
3.783,439.861
3.784,440.929
3.785,441.365
3.786,441.704
3.787,441.907
3.788,441.863
3.789,442.031
3.79,443.083
3.791,440.11
3.792,437.577
3.793,436.191
3.794,435.125
3.795,434.511
3.796,433.424
3.797,432.409
3.798,432.678
3.799,428.814
3.8,427.788
3.801,427.731
3.802,428.785
3.803,429.671
3.804,430.73
3.805,431.763
3.806,432.495
3.807,433.491
3.808,433.929
3.809,434.591
3.81,436.387
3.811,437.457
3.812,438.89
3.813,439.693
3.814,440.256
3.815,440.712
3.816,441.323
3.817,441.57
3.818,441.779
3.819,442.34
3.82,442.878
3.821,444.905
3.822,441.887
3.823,438.422
3.824,435.101
3.825,432.973
3.826,431.724
3.827,429.906
3.828,428.605
3.829,428.013
3.83,428.019
3.831,427.944
3.832,428.511
3.833,431.221
3.834,430.195
3.835,431.535
3.836,432.883
3.837,434.098
3.838,434.867
3.839,435.49
3.84,436.621
3.841,437.789
3.842,438.318
3.843,438.1
3.844,437.923
3.845,437.705
3.846,437.655
3.847,437.379
3.848,437.015
3.849,437.224
3.85,437.544
3.851,438.574
3.852,439.854
3.853,440.833
3.854,442.268
3.855,443.134
3.856,443.854
3.857,444.359
3.858,444.134
3.859,443.323
3.86,444.223
3.861,443.685
3.862,442.877
3.863,442.312
3.864,439.882
3.865,435.857
3.866,432.131
3.867,428.362
3.868,425.514
3.869,419.61
3.87,416.123
3.871,413.133
3.872,411.779
3.873,411.541
3.874,412.394
3.875,413.666
3.876,415.322
3.877,416.92
3.878,419.174
3.879,419.848
3.88,420.695
3.881,422.161
3.882,423.735
3.883,426.324
3.884,427.776
3.885,429.202
3.886,430.925
3.887,432.35
3.888,433.341
3.889,433.964
3.89,434.399
3.891,433.86
3.892,434.053
3.893,434.812
3.894,432.543
3.895,431.945
3.896,432.644
3.897,435.326
3.898,434.48
3.899,435.325
3.9,436.546
3.901,437.805
3.902,438.332
3.903,438.619
3.904,438.414
3.905,437.138
3.906,437.75
3.907,438.399
3.908,438.286
3.909,437.474
3.91,436.808
3.911,436.118
3.912,435.469
3.913,435.406
3.914,432.838
3.915,429.554
3.916,428.121
3.917,426.495
3.918,425.843
3.919,422.342
3.92,421.097
3.921,420.827
3.922,421.989
3.923,422.993
3.924,424.64
3.925,427.044
3.926,428.897
3.927,430.307
3.928,429.829
3.929,430.047
3.93,429.618
3.931,430.953
3.932,431.441
3.933,431.913
3.934,432.175
3.935,432.478
3.936,432.409
3.937,432.112
3.938,430.998
3.939,429.577
3.94,428.542
3.941,428.286
3.942,428.298
3.943,428.31
3.944,428.335
3.945,428.771
3.946,428.979
3.947,428.604
3.948,428.197
3.949,427.222
3.95,425.708
3.951,429.912
3.952,429.911
3.953,430.784
3.954,431.587
3.955,432.784
3.956,434.652
3.957,436.126
3.958,436.372
3.959,436.121
3.96,436.45
3.961,436.474
3.962,436.516
3.963,436.063
3.964,435.652
3.965,435.093
3.966,434.538
3.967,434.098
3.968,434.008
3.969,433.706
3.97,433.333
3.971,433.023
3.972,432.796
3.973,433.542
3.974,434.095
3.975,433.74
3.976,434.119
3.977,434.616
3.978,435.447
3.979,437.016
3.98,437.398
3.981,436.954
3.982,437.937
3.983,438.23
3.984,440.934
3.985,440.624
3.986,440.175
3.987,439.357
3.988,437.157
3.989,434.772
3.99,431.784
3.991,428.619
3.992,424.814
3.993,422.278
3.994,418.41
3.995,415.954
3.996,413.571
3.997,413.597
3.998,409.112
3.999,409.598
4,410.414
